Date,equity,port_ret
2006-01-03,1.0,0.0
2006-01-04,1.0,0.0
2006-01-05,1.0,0.0
2006-01-06,1.0020908808170048,0.0020908808170047037
2006-01-09,1.0046377684086005,0.002541573464394098
2006-01-10,1.0007618256118678,-0.003858050054073303
2006-01-11,0.9982775825609977,-0.0024823519315909093
2006-01-12,0.9996113052691047,0.0013360238989695294
2006-01-13,1.0015117312915633,0.0019011649952749288
2006-01-17,1.0007186770441152,-0.0007918571721826084
2006-01-18,1.0016698640585544,0.0009505039090992318
2006-01-19,1.0030474311460822,0.0013752705726278736
2006-01-20,0.9943418275331615,-0.00867915448721468
2006-01-23,0.9939127312443444,-0.0004315380052768436
2006-01-24,0.9907526675181383,-0.0031794176962094967
2006-01-25,0.987063895514736,-0.003723201687301836
2006-01-26,0.9884864583981069,0.0014412064809939396
2006-01-27,0.9945711863811262,0.006155600748319556
2006-01-30,0.9911874358941736,-0.00340222050798078
2006-01-31,0.9917481620003356,0.0005657114747990022
2006-02-01,0.99330678905775,0.001571595609787424
2006-02-02,0.9893126018434311,-0.004021101293496476
2006-02-03,0.9898804019501781,0.0005739339675741584
2006-02-06,0.9846814257740345,-0.00525212557587873
2006-02-07,0.9833112465074538,-0.001391494985805819
2006-02-08,0.9893798690610085,0.00617161918477932
2006-02-09,0.9903203011238171,0.0009505267816912744
2006-02-10,0.9878062660434073,-0.0025386080418192125
2006-02-13,0.9871896246915031,-0.0006242533309432363
2006-02-14,0.9912548461731667,0.00411797427767141
2006-02-15,0.9950708095544419,0.0038496289788716442
2006-02-16,0.9980449683210263,0.002988891582415165
2006-02-17,0.9994309000172286,0.0013886465441870777
2006-02-21,0.9962296791666355,-0.0032030437027091296
2006-02-22,1.0023834274315626,0.006177037678775643
2006-02-23,0.9993434886624113,-0.0030327105236970797
2006-02-24,0.9987410369167704,-0.0006028475218737284
2006-02-27,1.0015961015493577,0.0028586635845075925
2006-02-28,0.9970564876953308,-0.004532379715740387
2006-03-01,0.9965339064606921,-0.0005241240000821712
2006-03-02,0.9936228338464359,-0.0029211977589354565
2006-03-03,0.9907309625706645,-0.0029104315815454695
2006-03-06,0.986558510219105,-0.004211488798869456
2006-03-07,0.9869527535433373,0.00039961474169925015
2006-03-08,0.9905658476075105,0.0036608581831314435
2006-03-09,0.9893694652714464,-0.0012077766853700322
2006-03-10,0.9902407136296986,0.0008806097103603028
2006-03-13,0.9895113796550178,-0.0007365219028486747
2006-03-14,0.9958691695199517,0.006425181150671144
2006-03-15,0.9966380474558643,0.0007720672146955265
2006-03-16,0.999798239008359,0.0031708518057903534
2006-03-17,0.9999472974642992,0.00014908853619111095
2006-03-20,1.0018357688848996,0.0018885709530784833
2006-03-21,0.9967155381872327,-0.005110848361269904
2006-03-22,1.002369717368303,0.005672811313199633
2006-03-23,0.9983488624291329,-0.004011349175358947
2006-03-24,0.9997765008087668,0.0014299995055438441
2006-03-27,0.9948607917832363,-0.004916807928125877
2006-03-28,0.9878397591237092,-0.007057301601907762
2006-03-29,0.988740164032861,0.0009114888329160298
2006-03-30,0.9863680853524908,-0.00239909206347505
2006-03-31,0.983971154391685,-0.0024300572944320753
2006-04-03,0.9831189192720328,-0.0008661179912119454
2006-04-04,0.9837945625026779,0.0006872446632859575
2006-04-05,0.983408089340889,-0.00039283929442129883
2006-04-06,0.978319654138499,-0.005174286501751613
2006-04-07,0.9702198431055647,-0.008279309322541228
2006-04-10,0.969889300437118,-0.00034068842314005643
2006-04-11,0.9655068015567465,-0.00451855575517357
2006-04-12,0.967659062710064,0.0022291517261684435
2006-04-13,0.9639973315937995,-0.003784112873401191
2006-04-17,0.9630572236645626,-0.0009752183936885261
2006-04-18,0.9691354328879624,0.006311368705871345
2006-04-19,0.9649580227323761,-0.004310450339368943
2006-04-20,0.9689054352284756,0.004090760844624064
2006-04-21,0.9688387537164119,-6.882148622472384e-05
2006-04-24,0.9675728400513007,-0.0013066298806228005
2006-04-25,0.9615655142457707,-0.006208654849397699
2006-04-26,0.9613267393038084,-0.00024831895323285114
2006-04-27,0.9599925017196022,-0.0013879126936305886
2006-04-28,0.9656750047641894,0.005919320238864656
2006-05-01,0.9588537362821149,-0.007063731015529595
2006-05-02,0.959632328013572,0.0008120026047725437
2006-05-03,0.9536634176920498,-0.006219997125230026
2006-05-04,0.9549356694657152,0.0013340679217248574
2006-05-05,0.9607679431288654,0.006107504253572871
2006-05-08,0.9608517457469656,8.72246193261983e-05
2006-05-09,0.9572370892065716,-0.00376192951346932
2006-05-10,0.9570057674829459,-0.00024165562140671115
2006-05-11,0.9552307100223137,-0.0018548033052096513
2006-05-12,0.9523454471292202,-0.00302048799606347
2006-05-15,0.9600970449454409,0.008139481151075323
2006-05-16,0.9631425782635114,0.003172109875875684
2006-05-17,0.9567761430896315,-0.006610065132161558
2006-05-18,0.9581469921915862,0.0014327793516337173
2006-05-19,0.9551758067969977,-0.003100970330024655
2006-05-22,0.9537771904856399,-0.001464250142649448
2006-05-23,0.9513856764956359,-0.0025074136956308446
2006-05-24,0.9535192036442957,0.0022425470567503103
2006-05-25,0.9571877237899079,0.0038473479418048018
2006-05-26,0.960280760583976,0.0032313795060193717
2006-05-30,0.9535782305811032,-0.006979760792871437
2006-05-31,0.9551050405447733,0.0016011376043469916
2006-06-01,0.9626720101656371,0.00792265698498218
2006-06-02,0.9682668805094334,0.005811813665210552
2006-06-05,0.9597860221465219,-0.008758802488885553
2006-06-06,0.9609912075281054,0.001255681322476665
2006-06-07,0.9625459675102193,0.0016178711833513826
2006-06-08,0.9639881982578091,0.0014983499970608882
2006-06-09,0.9617218873153945,-0.0023509737427392374
2006-06-12,0.9565856161092491,-0.005340703246843159
2006-06-13,0.9559653044433525,-0.0006484643459511719
2006-06-14,0.9535767795141095,-0.002498547717308397
2006-06-15,0.9583737095772532,0.0050304602274272026
2006-06-16,0.9574596052233669,-0.000953807835869791
2006-06-19,0.9532904756811857,-0.0043543659904153875
2006-06-20,0.9511912448904309,-0.0022020893361541227
2006-06-21,0.9535118839873279,0.0024397187309732615
2006-06-22,0.9492743026275723,-0.004444183057305151
2006-06-23,0.9493339738877148,6.285987093218592e-05
2006-06-26,0.9472949060356387,-0.002147893057830419
2006-06-27,0.9436263166357337,-0.0038727004405184062
2006-06-28,0.9420921291212574,-0.0016258422295237773
2006-06-29,0.9521695660067245,0.010696869843151213
2006-06-30,0.9565265091245694,0.004575805899906249
2006-07-03,0.9572484348783975,0.0007547367970895946
2006-07-05,0.9550387564322236,-0.0023083646477360387
2006-07-06,0.9582720186255118,0.0033854774704293877
2006-07-07,0.9602445589957764,0.0020584346948729904
2006-07-10,0.9623399320433906,0.002182124364032312
2006-07-11,0.963983245328268,0.0017076224628732595
2006-07-12,0.9626702451755481,-0.0013620570264919474
2006-07-13,0.9586948545143407,-0.004129545585448646
2006-07-14,0.9560316149290352,-0.002777984645233711
2006-07-17,0.9575304809029582,0.0015677995900106323
2006-07-18,0.9556882279965025,-0.0019239626760689799
2006-07-19,0.9699996270177805,0.014974966314359905
2006-07-20,0.9714934934865748,0.0015400691167141156
2006-07-21,0.9733991802679568,0.001961605295515312
2006-07-24,0.9828281127043718,0.009686604044416014
2006-07-25,0.9865449498153345,0.0037817773656629305
2006-07-26,0.9900898378260968,0.0035932351703041876
2006-07-27,0.9875525431808564,-0.002562691331941702
2006-07-28,0.9915308512916375,0.004028452094272494
2006-07-31,0.9906197815269184,-0.0009188516560350579
2006-08-01,0.9907362517263798,0.00011757306045490079
2006-08-02,0.9942709550786555,0.0035677541284235836
2006-08-03,0.9900554398544831,-0.004239805258958673
2006-08-04,0.9926516223047323,0.002622259669247007
2006-08-07,0.9904223939849179,-0.0022457307979193986
2006-08-08,0.9903270075247105,-9.630886860673149e-05
2006-08-09,0.9905522714788269,0.00022746421374431058
2006-08-10,0.9902058758164957,-0.00034969952854085884
2006-08-11,0.9862821082778875,-0.003962577514875609
2006-08-14,0.9865261024623938,0.00024738782388783465
2006-08-15,0.9931106613152432,0.006674490250601628
2006-08-16,0.9995428992177269,0.00647685917898122
2006-08-17,1.0006634050843268,0.0011210182849351047
2006-08-18,1.002785484021933,0.0021206720729706197
2006-08-21,1.0016901097507929,-0.0010923315989246896
2006-08-22,1.0034292866499244,0.0017362424588220904
2006-08-23,1.0026288678010704,-0.0007976833639432024
2006-08-24,1.006535156739995,0.0038960467470797733
2006-08-25,1.0075190810559569,0.00097753596521033
2006-08-28,1.0107107724156863,0.0031678718743314294
2006-08-29,1.0134570066308846,0.0027171316366151332
2006-08-30,1.0143818766724497,0.0009125893210207847
2006-08-31,1.0135176236889774,-0.0008519996298705368
2006-09-01,1.016896839019738,0.0033341456051459994
2006-09-05,1.0129142836620495,-0.00391638090007973
2006-09-06,1.0106925030966982,-0.002193453682298452
2006-09-07,1.0073531477009339,-0.0033040270760223978
2006-09-08,1.0118795672364043,0.004493379055598323
2006-09-11,1.0142017905884029,0.002294960217786579
2006-09-12,1.0214772197642115,0.007173551894034569
2006-09-13,1.0209006935677765,-0.0005644043599601911
2006-09-14,1.019294029493035,-0.0015737711658579956
2006-09-15,1.0197996007332728,0.0004960013750782144
2006-09-18,1.0188999696144818,-0.0008821646116983772
2006-09-19,1.0227167771339207,0.003746008080541152
2006-09-20,1.024844383817947,0.0020803478847671864
2006-09-21,1.025281452254941,0.0004264729786250254
2006-09-22,1.0235732997481264,-0.001666032778665616
2006-09-25,1.0273172965148034,0.003657771033689694
2006-09-26,1.0264923929108312,-0.0008029686707025085
2006-09-27,1.027767035503525,0.0012417457757086803
2006-09-28,1.0263433594917286,-0.0013852127599119912
2006-09-29,1.027495154373074,0.0011222315326477328
2006-10-02,1.025459553164683,-0.0019811297403469763
2006-10-03,1.026950910645054,0.0014543308663598764
2006-10-04,1.033801728242705,0.00667102733600744
2006-10-05,1.0320031331286392,-0.0017397872966638528
2006-10-06,1.027198765933701,-0.004655380435108991
2006-10-09,1.0267393620892986,-0.00044723948240427136
2006-10-10,1.02146990519243,-0.0051322244879613566
2006-10-11,1.020693981795131,-0.0007596145450342595
2006-10-12,1.0240939619624727,0.003331047530389153
2006-10-13,1.0215276484040492,-0.0025059356404227295
2006-10-16,1.023169623913061,0.0016073725577345765
2006-10-17,1.0251174614167027,0.0019037288227853333
2006-10-18,1.0305395082592927,0.005289195674315128
2006-10-19,1.0296408776172545,-0.0008720001851807435
2006-10-20,1.033499747920305,0.0037477827337046854
2006-10-23,1.0334256494953276,-7.169660672545763e-05
2006-10-24,1.032446330667487,-0.0009476432371490762
2006-10-25,1.0312831395808384,-0.0011266358861447556
2006-10-26,1.03502996124979,0.0036331648653485926
2006-10-27,1.0345765210497728,-0.0004380937914778005
2006-10-30,1.0319038550729127,-0.00258334296447027
2006-10-31,1.0320461101111236,0.00013785687252904077
2006-11-01,1.0301187619686294,-0.0018675019687702243
2006-11-02,1.0314995784647578,0.0013404439828758608
2006-11-03,1.0249485133431604,-0.006351010953729974
2006-11-06,1.0316445235792047,0.006533021072642198
2006-11-07,1.0374031008644091,0.005581939470027386
2006-11-08,1.0306884664547074,-0.006472541294803236
2006-11-09,1.0185260307978237,-0.011800302470366286
2006-11-10,1.0204170158358115,0.0018565897982072421
2006-11-13,1.021113049588228,0.0006821071597344908
2006-11-14,1.0263931973448934,0.005170972752522207
2006-11-15,1.0274766647579248,0.001055606580240509
2006-11-16,1.0283581926151422,0.0008579541389635015
2006-11-17,1.0317737772239814,0.003321395826247575
2006-11-20,1.0308418214530903,-0.0009032559185586653
2006-11-21,1.0308082103262781,-3.260551338996054e-05
2006-11-22,1.0327032413996151,0.0018383934609301766
2006-11-24,1.0310801532340181,-0.0015716888458655043
2006-11-27,1.0281394575198035,-0.0028520534557774924
2006-11-28,1.030159139897748,0.001964405084517118
2006-11-29,1.0331480463176346,0.0029014026125934733
2006-11-30,1.0383636021652052,0.005048217306474201
2006-12-01,1.0390979967122342,0.0007072614501295593
2006-12-04,1.036534496188638,-0.0024670440436871943
2006-12-05,1.037892781323333,0.0013104099667590186
2006-12-06,1.03786949605409,-2.2435139411414173e-05
2006-12-07,1.0365909291931081,-0.0012319148658311851
2006-12-08,1.0351737984080513,-0.0013671070671629204
2006-12-11,1.0378797993381772,0.0026140546971795686
2006-12-12,1.0389676944805952,0.001048189918631759
2006-12-13,1.0352070013410672,-0.0036196439595823082
2006-12-14,1.0370451025803973,0.0017755881064838719
2006-12-15,1.0388360518276258,0.0017269733425984146
2006-12-18,1.0401735775383265,0.0012875233857617685
2006-12-19,1.04268948297184,0.0024187361492757353
2006-12-20,1.0428743911467928,0.00017733771940009468
2006-12-21,1.0433616724176031,0.0004672482850733295
2006-12-22,1.0388110298218556,-0.004361519802815017
2006-12-26,1.0394972997179845,0.0006606301593146124
2006-12-27,1.0405967603976105,0.001057684979003104
2006-12-28,1.0387820575686406,-0.0017439058990310063
2006-12-29,1.0371377951380802,-0.0015828752706885663
2007-01-03,1.0388027380747584,0.0016053247162364226
2007-01-04,1.0465791940942257,0.00748597951703478
2007-01-05,1.0419412563268384,-0.004431521086563639
2007-01-08,1.0429378001826854,0.0009564299808609844
2007-01-09,1.0421936305301616,-0.0007135321515756021
2007-01-10,1.0422393534379928,4.38717974203251e-05
2007-01-11,1.046564828511169,0.00415017439027604
2007-01-12,1.047939173807555,0.0013131965253799782
2007-01-16,1.0501819031251953,0.0021401331047598005
2007-01-17,1.0522184821004195,0.0019392630640115982
2007-01-18,1.0544445986911424,0.002115641027592541
2007-01-19,1.053764058125592,-0.0006454019171752701
2007-01-22,1.0515343620813975,-0.002115934802483843
2007-01-23,1.0472558424574685,-0.004068834817209543
2007-01-24,1.0512907915540843,0.003852878096289536
2007-01-25,1.0474157450389523,-0.0036859892108478953
2007-01-26,1.0444613883146658,-0.0028206151552330194
2007-01-29,1.0433157929737285,-0.0010968288093309297
2007-01-30,1.0464202105312281,0.0029755301112150967
2007-01-31,1.0507765245736769,0.0041630637468643705
2007-02-01,1.0548124422110992,0.003840890563347521
2007-02-02,1.0542025711249698,-0.0005781796476072576
2007-02-05,1.0546313640347453,0.00040674621891512164
2007-02-06,1.0545933393573947,-3.6054946445929215e-05
2007-02-07,1.05651081237873,0.0018182108209630066
2007-02-08,1.0561819125203984,-0.00031130761226300097
2007-02-09,1.053054089240808,-0.0029614437082400302
2007-02-12,1.0500617214508443,-0.002841608821937125
2007-02-13,1.0518146463928784,0.0016693541972106485
2007-02-14,1.0575735259944887,0.005475184835427194
2007-02-15,1.0608455938017614,0.003093938839094701
2007-02-16,1.0592948545933398,-0.0014617953993326105
2007-02-20,1.0602409913577862,0.0008931760220901586
2007-02-21,1.0577356625881815,-0.0023629804827638434
2007-02-22,1.0556283259877575,-0.00199230930274924
2007-02-23,1.0554475529141967,-0.0001712468954370161
2007-02-26,1.0592530386870653,0.003605565963331059
2007-02-27,1.0476109418382684,-0.010990855275928413
2007-02-28,1.0493957204643871,0.001703665506764318
2007-03-01,1.047534073067412,-0.0017740184762247702
2007-03-02,1.0445500649952961,-0.002848602397608091
2007-03-05,1.0421935715712858,-0.002255988968820788
2007-03-06,1.0470193274618507,0.004630383474050093
2007-03-07,1.0481164402885073,0.0010478439106907933
2007-03-08,1.0497769809682536,0.0015843093533474684
2007-03-09,1.0479221321626908,-0.0017668979594617773
2007-03-12,1.049371374579065,0.0013829676575140004
2007-03-13,1.0431183151845445,-0.0059588621778716155
2007-03-14,1.0444836675065035,0.0013089141491272605
2007-03-15,1.0451791750198307,0.000665886442233754
2007-03-16,1.0456524421791868,0.00045280959539506505
2007-03-19,1.049059048908068,0.0032578767011547938
2007-03-20,1.052477737823983,0.0032588145724240514
2007-03-21,1.0585540343535849,0.00577332546925402
2007-03-22,1.058652544978895,9.3061499095215e-05
2007-03-23,1.0551879842598755,-0.003272613602500307
2007-03-26,1.0564091328166128,0.0011572805746019599
2007-03-27,1.052550845212519,-0.0036522664223915258
2007-03-28,1.0488988595957014,-0.0034696524480774538
2007-03-29,1.050647797959025,0.0016674041994838018
2007-03-30,1.049860887892856,-0.0007489760771379195
2007-04-02,1.053251929203028,0.003229991086703188
2007-04-03,1.0582557812073698,0.004750859567025034
2007-04-04,1.0621824751031168,0.003710533847749886
2007-04-05,1.0645450330148658,0.0022242486268846395
2007-04-09,1.0622534281083384,-0.002152661311130677
2007-04-10,1.0641172095981024,0.0017545544598362994
2007-04-11,1.0611706304140982,-0.0027690363029813647
2007-04-12,1.0676783162407377,0.006132553653600548
2007-04-13,1.0745688660646695,0.006453769566280243
2007-04-16,1.0803120054276623,0.005344598698476588
2007-04-17,1.0842667927317597,0.0036607825185945853
2007-04-18,1.0853600867263637,0.0010083256279107555
2007-04-19,1.087563996577387,0.0020305794159711787
2007-04-20,1.0890875149232238,0.0014008539733124659
2007-04-23,1.0908066057487906,0.001578468949474665
2007-04-24,1.091857619974968,0.0009635202249768104
2007-04-25,1.0931892909864618,0.0012196379703099391
2007-04-26,1.0922134838120934,-0.00089262416162883
2007-04-27,1.0904106357148013,-0.0016506370998090047
2007-04-30,1.0909720597174284,0.0005148739238579614
2007-05-01,1.0922067102861492,0.0011316976981432525
2007-05-02,1.0950192251358524,0.00257507559989828
2007-05-03,1.095627179804533,0.0005551999953290476
2007-05-04,1.1000191242685857,0.0040086121857952906
2007-05-07,1.101681742404526,0.00151144475514986
2007-05-08,1.0995848898833642,-0.0019033196616158876
2007-05-09,1.0995981805767026,1.2087009798655846e-05
2007-05-10,1.0912715991350113,-0.007572385612100885
2007-05-11,1.0922691994554086,0.0009141631846626974
2007-05-14,1.0908749753504638,-0.0012764473315184377
2007-05-15,1.0902065108572108,-0.00061277828198264
2007-05-16,1.0960555986297718,0.0053651190983641794
2007-05-17,1.0924994910261434,-0.0032444591388192667
2007-05-18,1.0931575674059875,0.0006023585230470752
2007-05-21,1.0950842087248507,0.0017624552729713638
2007-05-22,1.0932549578420738,-0.0016704202911544952
2007-05-23,1.0941282823405376,0.0007988296711569642
2007-05-24,1.0927805449579626,-0.0012317910105495433
2007-05-25,1.0918827920361767,-0.0008215308425174594
2007-05-29,1.0910478444071616,-0.0007646861321607967
2007-05-30,1.0917304825732903,0.0006256720726115494
2007-05-31,1.092721931064776,0.0009081440037734256
2007-06-01,1.0909636529374422,-0.0016090810272476608
2007-06-04,1.0907990820622686,-0.00015084909082951903
2007-06-05,1.0877160917866353,-0.00282635943349413
2007-06-06,1.0829339948781882,-0.004396456892158673
2007-06-07,1.069459609580172,-0.01244248066986925
2007-06-08,1.0722554284480217,0.0026142351172545597
2007-06-11,1.0710037964304322,-0.0011672890473505282
2007-06-12,1.0633136581337461,-0.007180309091635972
2007-06-13,1.0693814787506557,0.005706519962848322
2007-06-14,1.0710050014085646,0.0015181884950968838
2007-06-15,1.0774357139017,0.006004372047448858
2007-06-18,1.0740306670000919,-0.0031603248877628
2007-06-19,1.0766423442906596,0.0024316598872009543
2007-06-20,1.0681496435305726,-0.007888135558779652
2007-06-21,1.0689935865274445,0.0007900980934493207
2007-06-22,1.062464390676459,-0.006107797028226503
2007-06-25,1.06326993320381,0.0007581830830471481
2007-06-26,1.0661426008373855,0.002701729395206076
2007-06-27,1.0704827573531637,0.004070896812836511
2007-06-28,1.0706045741360963,0.0001137961187098191
2007-06-29,1.0718802447069125,0.0011915422385015417
2007-07-02,1.07573188311955,0.003593347700601268
2007-07-03,1.075044723925828,-0.0006387829574494019
2007-07-05,1.0718948797825967,-0.002929965677826718
2007-07-06,1.0718303915405996,-6.016284172394304e-05
2007-07-09,1.0721193031277843,0.00026954972490511597
2007-07-10,1.0712643800958377,-0.0007974140839106525
2007-07-11,1.0712343187995308,-2.8061510179311355e-05
2007-07-12,1.079705674961415,0.007908032830181766
2007-07-13,1.0795655327980491,-0.00012979663496792693
2007-07-16,1.0823114009262045,0.0025434936969862543
2007-07-17,1.079518386425285,-0.0025806015704253893
2007-07-18,1.0799528713237538,0.00040248031338080414
2007-07-19,1.0770160487416727,-0.002719398836804221
2007-07-20,1.0746796373024563,-0.0021693376268126507
2007-07-23,1.078599771379967,0.003647723415836579
2007-07-24,1.0745900051412633,-0.00371756637179127
2007-07-25,1.0750084514202083,0.0003894008663238302
2007-07-26,1.0682672725272435,-0.006270814786673462
2007-07-27,1.0565737193755245,-0.010946280441649414
2007-07-30,1.0618354457202186,0.004979989799295759
2007-07-31,1.0582524834975708,-0.0033743102446702755
2007-08-01,1.0604050473563373,0.0020340739968331967
2007-08-02,1.0653336382220653,0.0046478379917326285
2007-08-03,1.0614409488253382,-0.0036539627184058454
2007-08-06,1.0697215247414358,0.00780125915177976
2007-08-07,1.072148965325126,0.0022692266422114082
2007-08-08,1.074651854108522,0.002334459915872833
2007-08-09,1.065050473010438,-0.008934410768824008
2007-08-10,1.0614608086384207,-0.003370417142645743
2007-08-13,1.0638671275222722,0.0022669879700391027
2007-08-14,1.0614279444217012,-0.00229275163925019
2007-08-15,1.061133625571853,-0.0002772857558488995
2007-08-16,1.063345510319552,0.002084454487536247
2007-08-17,1.064993834564317,0.0015501304409230032
2007-08-20,1.0686739685188775,0.0034555448446009773
2007-08-21,1.0724049901801636,0.0034912627903317395
2007-08-22,1.0733555556448307,0.0008863866481145788
2007-08-23,1.0770062384166197,0.0034011868225676256
2007-08-24,1.0804896786089653,0.003234373272959612
2007-08-27,1.0782312367467086,-0.0020902021620087807
2007-08-28,1.0755094071337736,-0.0025243468378336464
2007-08-29,1.0774169933432547,0.0017736583211900303
2007-08-30,1.0801197612824252,0.0025085625675752565
2007-08-31,1.0827724257885678,0.0024558985042484327
2007-09-04,1.08648518106623,0.0034289340855334083
2007-09-05,1.0887662381744627,0.002099482945542186
2007-09-06,1.0893318788529849,0.0005195244476635108
2007-09-07,1.0893676631672724,3.2849781579080695e-05
2007-09-10,1.0910618433206136,0.001555195927530617
2007-09-11,1.0940308874780604,0.0027212427742964174
2007-09-12,1.095045620211275,0.0009275174447347379
2007-09-13,1.0930706734197164,-0.0018035292366884725
2007-09-14,1.0922187360279256,-0.0007793982699448865
2007-09-17,1.0908159058565816,-0.001284385741674554
2007-09-18,1.0999845852494414,0.008405340757898117
2007-09-19,1.100207690880257,0.00020282614302719049
2007-09-20,1.0933623759969209,-0.006221838785601785
2007-09-21,1.0988093241731505,0.004981832460864477
2007-09-24,1.0984486782616314,-0.0003282151903747921
2007-09-25,1.0966513774164552,-0.0016362174043675903
2007-09-26,1.099958883879368,0.0030160053878786064
2007-09-27,1.1039067133316935,0.003589070019055951
2007-09-28,1.1002283273747342,-0.003332152900726193
2007-10-01,1.1092900102741674,0.008236183957429533
2007-10-02,1.1073923234470198,-0.0017107220019755287
2007-10-03,1.109168225440855,0.0016036791625097524
2007-10-04,1.1095418904945906,0.0003368876290943956
2007-10-05,1.1117812733298726,0.002018294986846969
2007-10-08,1.1099516692870106,-0.0016456510707203442
2007-10-09,1.1128482051389137,0.0026096053837765254
2007-10-10,1.114302934903754,0.0013072131114760799
2007-10-11,1.1096195904834565,-0.004202936448966743
2007-10-12,1.110833745643875,0.0010942084754374526
2007-10-15,1.1053929096685795,-0.004897975053991532
2007-10-16,1.1027607369683075,-0.0023812100450882334
2007-10-17,1.106599061645836,0.0034806504700928276
2007-10-18,1.1088652190916715,0.002047857733102565
2007-10-19,1.1069160236002713,-0.0017578290470657287
2007-10-22,1.1058731020359502,-0.0009421867080115498
2007-10-23,1.112182956152467,0.005705766877682428
2007-10-24,1.1109447216405313,-0.001113337068407605
2007-10-25,1.1137880433020824,0.002559372762807044
2007-10-26,1.1142928316532648,0.0004532176065436544
2007-10-29,1.1170943176257786,0.002514138019139467
2007-10-30,1.1170629563915984,-2.8073935822103824e-05
2007-10-31,1.116752831645331,-0.00027762512801343675
2007-11-01,1.113556249600539,-0.0028623899167396494
2007-11-02,1.1134973932631482,-5.2854390976464494e-05
2007-11-05,1.1125291038344283,-0.0008695929012300652
2007-11-06,1.114534091189386,0.001802188678073413
2007-11-07,1.1038830594563158,-0.009556488058345414
2007-11-08,1.1087659221148012,0.00442335138369665
2007-11-09,1.1106537760933806,0.001702662339205463
2007-11-12,1.1130558473870642,0.0021627543572873
2007-11-13,1.1175224787397322,0.004012944510514593
2007-11-14,1.1201205948180393,0.0023248893223490885
2007-11-15,1.1197991150722884,-0.00028700458436198284
2007-11-16,1.1223309622419961,0.002260983363560176
2007-11-19,1.1232141037511711,0.0007868815339556745
2007-11-20,1.1228370283700697,-0.0003357110455096124
2007-11-21,1.1147258180836743,-0.007223853579329975
2007-11-23,1.1220788014327432,0.0065962259326777795
2007-11-26,1.1254546467675228,0.003008563507722606
2007-11-27,1.1274712168608119,0.0017917826356495525
2007-11-28,1.138861016446595,0.010102075703090296
2007-11-29,1.145529136854428,0.005855078285705528
2007-11-30,1.1471017883437435,0.0013728603129500305
2007-12-03,1.1457517392482153,-0.0011769217947760202
2007-12-04,1.1461166728153742,0.0003185101577051763
2007-12-05,1.1485476842507414,0.002121085481982865
2007-12-06,1.1494561408204298,0.0007909611260772387
2007-12-07,1.1454408252132724,-0.003493230811130843
2007-12-10,1.145204810498993,-0.00020604705986049243
2007-12-11,1.144182199109123,-0.0008929506586898284
2007-12-12,1.1397163248778783,-0.0039031145867518546
2007-12-13,1.135191015079632,-0.003970558023489945
2007-12-14,1.1249289669629832,-0.009039930707986588
2007-12-17,1.1222882882612397,-0.0023474181742093037
2007-12-18,1.127684477666957,0.0048082025466715805
2007-12-19,1.1318698748734783,0.00371149669026255
2007-12-20,1.13430167508118,0.0021484803701253274
2007-12-21,1.1336926425795562,-0.0005369228618835598
2007-12-24,1.133947415857158,0.00022472870338313689
2007-12-26,1.1306162359197385,-0.0029376846675923107
2007-12-27,1.1285935174980397,-0.0017890406642298573
2007-12-28,1.130905093567023,0.002048191871691585
2007-12-31,1.131442074073278,0.0004748236693861152
2008-01-02,1.1295448566982325,-0.0016768135271967854
2008-01-03,1.1340990549464767,0.004031887907096188
2008-01-04,1.1297772842164855,-0.003810752430434994
2008-01-07,1.1420072288812089,0.01082509343707061
2008-01-08,1.1479046861736055,0.005164115553081272
2008-01-09,1.1572649122117964,0.008154184011036625
2008-01-10,1.1548966915941765,-0.002046394557226938
2008-01-11,1.160317935595291,0.0046941376147084934
2008-01-14,1.1561258021887113,-0.003612917871883947
2008-01-15,1.1533603500986513,-0.0023919992831443193
2008-01-16,1.1537112607154334,0.0003042506331625283
2008-01-17,1.1472812766633946,-0.0055733044055159
2008-01-18,1.1381342191746928,-0.007972811615390318
2008-01-22,1.123803460879088,-0.012591448402277883
2008-01-23,1.1252348518818376,0.0012737022554014654
2008-01-24,1.1179461249881253,-0.006477516121654647
2008-01-25,1.1142991120523063,-0.0032622439080933763
2008-01-28,1.1193542664392397,0.0045366224672143685
2008-01-29,1.1186196816115515,-0.000656257674368832
2008-01-30,1.1118584646659813,-0.006044249941883351
2008-01-31,1.124622951063618,0.011480315888472092
2008-02-01,1.1291180676975947,0.003996998842790034
2008-02-04,1.1279801148690842,-0.0010078244791804636
2008-02-05,1.121662036967443,-0.005601231633745873
2008-02-06,1.1221786821440471,0.0004606068134399566
2008-02-07,1.1136953300086907,-0.007559715997409622
2008-02-08,1.1148837081219762,0.0010670585403964594
2008-02-11,1.1144436541501583,-0.0003947084064573336
2008-02-12,1.1213675651511708,0.006212885662929601
2008-02-13,1.1181541164025715,-0.0028656515922735326
2008-02-14,1.1127456957303012,-0.004836918804780266
2008-02-15,1.1144375675109137,0.0015204478319749137
2008-02-19,1.1174509720372285,0.002703968902488807
2008-02-20,1.1152895979668445,-0.001934200358198912
2008-02-21,1.1152387744010575,-4.5569837537950963e-05
2008-02-22,1.1148479599650245,-0.0003504311767161816
2008-02-25,1.118331932330096,0.0031250650224815546
2008-02-26,1.1147612287125352,-0.0031928835387192156
2008-02-27,1.1185794856875182,0.0034251792012831572
2008-02-28,1.1186501146915282,6.314169436666406e-05
2008-02-29,1.1168941121918898,-0.0015697513249015027
2008-03-03,1.1153044721043175,-0.0014232683924286782
2008-03-04,1.113883577433745,-0.0012739971067198264
2008-03-05,1.1104497547954093,-0.003082748240392341
2008-03-06,1.1037328566333462,-0.006048808721922483
2008-03-07,1.099270193855705,-0.004043245383899774
2008-03-10,1.0904014308810732,-0.008067864501560329
2008-03-11,1.0897586325935962,-0.0005895060931436769
2008-03-12,1.0960407649747959,0.00576470072666313
2008-03-13,1.0924575154505125,-0.0032692666539330673
2008-03-14,1.087979541303595,-0.004098991570460175
2008-03-17,1.0899986287687593,0.0018558138168159322
2008-03-18,1.1033490856755568,0.01224814101085403
2008-03-19,1.1009525390172996,-0.002172065658430977
2008-03-20,1.102836641679643,0.001711338677709895
2008-03-24,1.100394704589533,-0.0022142328227240937
2008-03-25,1.1033794700615098,0.0027124498686952325
2008-03-26,1.098383570376317,-0.004527816422861597
2008-03-27,1.1004738365176705,0.0019030384264009936
2008-03-28,1.1012444370298002,0.0007002442825612687
2008-03-31,1.0993954529454546,-0.0016789951641730805
2008-04-01,1.1034068235977008,0.0036487058787619264
2008-04-02,1.0977469664721702,-0.00512943821307571
2008-04-03,1.096001790213822,-0.0015897800783332139
2008-04-04,1.1045596945170872,0.007808294091924628
2008-04-07,1.1072094390968892,0.002398914782926531
2008-04-08,1.105364864916569,-0.001665966812769093
2008-04-09,1.1060648983930086,0.0006333053443780545
2008-04-10,1.1082358029105663,0.001962727974382017
2008-04-11,1.1033382542123895,-0.0044192298113039374
2008-04-14,1.099494075291418,-0.0034841345401512847
2008-04-15,1.0964837586992007,-0.0027379106989905977
2008-04-16,1.0957523918084957,-0.0006670111480471252
2008-04-17,1.090994229923898,-0.004342369608470231
2008-04-18,1.0956694953358295,0.0042853255165772874
2008-04-21,1.0939985449716503,-0.001525049635215936
2008-04-22,1.0887018961669594,-0.004841550136456707
2008-04-23,1.089898816064716,0.001099400948938123
2008-04-24,1.087373414492528,-0.002317097270833235
2008-04-25,1.093735909046845,0.005851250793441731
2008-04-28,1.097990173053361,0.003889662917096137
2008-04-29,1.0929762333443491,-0.00456647047675196
2008-04-30,1.0917617679637304,-0.0011111544273041396
2008-05-01,1.1014112329159835,0.008838434570071607
2008-05-02,1.0971217513080642,-0.0038945322870575505
2008-05-05,1.0963904466341674,-0.0006665665620290695
2008-05-06,1.0936228147347409,-0.0025243123085602615
2008-05-07,1.090997958690714,-0.0024001474810707024
2008-05-08,1.0924463430122995,0.0013275774808266805
2008-05-09,1.0925408832306025,8.653991924423288e-05
2008-05-12,1.095786148963866,0.002970383793480802
2008-05-13,1.0860418093387834,-0.00889255593739402
2008-05-14,1.0903510393865021,0.0039678307139411895
2008-05-15,1.0918333916476597,0.0013595183639129593
2008-05-16,1.0929840854534068,0.0010539097032107314
2008-05-19,1.0976675765760784,0.0042850496956035045
2008-05-20,1.0977906473500294,0.00011212025988299734
2008-05-21,1.0916623276922643,-0.005582411976780999
2008-05-22,1.093980086688598,0.0021231464506367703
2008-05-23,1.0874755530272155,-0.005945751426857548
2008-05-27,1.0870890490041747,-0.00035541398789595835
2008-05-28,1.0824985792127921,-0.004222717352904692
2008-05-29,1.0916630347988672,0.008466020890983028
2008-05-30,1.0926329766415197,0.0008884993003643316
2008-06-02,1.0894078744421076,-0.002951679354695258
2008-06-03,1.0958789397970679,0.0059399840103726564
2008-06-04,1.0940579554499754,-0.0016616656100988947
2008-06-05,1.095986043458137,0.0017623271222122483
2008-06-06,1.0874878759644846,-0.0077539011964407045
2008-06-09,1.080650995410786,-0.006286856805309271
2008-06-10,1.0722466543964186,-0.007777109399850657
2008-06-11,1.0674325913169178,-0.004489697458847031
2008-06-12,1.0582360695769986,-0.008615552696000561
2008-06-13,1.0653679127741926,0.006739368844273896
2008-06-16,1.0671560690477198,0.0016784401445609776
2008-06-17,1.0675772524993379,0.00039467840162676904
2008-06-18,1.0644360964260784,-0.0029423220342186807
2008-06-19,1.0620651608302458,-0.0022274099908797806
2008-06-20,1.057059397021661,-0.004713236054811831
2008-06-23,1.0606906959623128,0.003435283722828808
2008-06-24,1.0654392771993941,0.004476876487328085
2008-06-25,1.0713498999325117,0.0055475923026362395
2008-06-26,1.0635376796721363,-0.00729194099973085
2008-06-27,1.0696898254852498,0.005784605407689991
2008-06-30,1.0758891961298918,0.005795484351578062
2008-07-01,1.074429398142697,-0.0013568293021679612
2008-07-02,1.0720303860080451,-0.0022328243612831367
2008-07-03,1.0745080752190062,0.002311211737371921
2008-07-07,1.0734963258671308,-0.0009415930649651072
2008-07-08,1.0890077929658752,0.014449483174723166
2008-07-09,1.0942230078226365,0.00478896008866736
2008-07-10,1.097384308060737,0.0028890822213574197
2008-07-11,1.0817772460653656,-0.014222056831623364
2008-07-14,1.0883528404109732,0.006078510496984713
2008-07-15,1.0929529944689023,0.004226712043303937
2008-07-16,1.0918208571691532,-0.00103585177539961
2008-07-17,1.094602756471419,0.002547944824463688
2008-07-18,1.092554852863833,-0.0018709103329756505
2008-07-21,1.0841565066682932,-0.007686887457893532
2008-07-22,1.089781933385228,0.005188758894435208
2008-07-23,1.0913223094024957,0.0014134717874084712
2008-07-24,1.0955115633996364,0.0038386954624197722
2008-07-25,1.0956126224263463,9.22482519455925e-05
2008-07-28,1.094283234788396,-0.0012133737880878348
2008-07-29,1.0982632878779381,0.0036371324744931544
2008-07-30,1.0991585906178147,0.0008151986411260026
2008-07-31,1.1040645721981637,0.004463397386169077
2008-08-01,1.1001938273933267,-0.0035059043667439727
2008-08-04,1.1045030191491962,0.003916756891900797
2008-08-05,1.119639334377097,0.013704186376566452
2008-08-06,1.1220342529121186,0.0021390089303658932
2008-08-07,1.1205174708783354,-0.0013518143762959456
2008-08-08,1.13001464125755,0.008475700402752473
2008-08-11,1.1277736160912435,-0.0019831824159487477
2008-08-12,1.1305015043209607,0.0024188260753713053
2008-08-13,1.129628633618189,-0.0007721092802047691
2008-08-14,1.1310149528476288,0.0012272344982964256
2008-08-15,1.1387278227442275,0.00681942345428721
2008-08-18,1.1353926549173852,-0.0029288542531654693
2008-08-19,1.1320101272032743,-0.0029791699809410543
2008-08-20,1.1300802068313032,-0.001704861401495783
2008-08-21,1.125279432695402,-0.004248171153587554
2008-08-22,1.1330844680714682,0.006936086405996578
2008-08-25,1.1276612289215342,-0.004786262015544496
2008-08-26,1.127162125478991,-0.00044260051666444866
2008-08-27,1.1288413325776538,0.0014897653680024936
2008-08-28,1.131294595361409,0.002173257403813522
2008-08-29,1.1244222772160797,-0.0060747378918874495
2008-09-02,1.1264487019924987,0.00180219195001724
2008-09-03,1.1311206662062214,0.004147516176687738
2008-09-04,1.121517010435454,-0.008490390157027183
2008-09-05,1.1172970940891895,-0.003762685993167314
2008-09-08,1.1266556742238838,0.008376089210473725
2008-09-09,1.1243488320093575,-0.0020475130665945085
2008-09-10,1.1206424282361325,-0.003296489192416596
2008-09-11,1.1219280108193126,0.0011471835714839118
2008-09-12,1.124367570561023,0.0021744351849534715
2008-09-15,1.1195408024128801,-0.004292873855953172
2008-09-16,1.117059001416811,-0.002216802630793213
2008-09-17,1.1132074758894848,-0.0034479159314245167
2008-09-18,1.1138603165893952,0.0005864501578098924
2008-09-19,1.1100292616173253,-0.003439439321979376
2008-09-22,1.0956532690906777,-0.012951003206619571
2008-09-23,1.082669176716922,-0.011850548654440352
2008-09-24,1.089108401945724,0.00594754645950879
2008-09-25,1.097329412164648,0.00754838563749638
2008-09-26,1.0958940119143568,-0.0013080850967620017
2008-09-29,1.0912767716440779,-0.004213217902535316
2008-09-30,1.0822644426663117,-0.008258518106445623
2008-10-01,1.0896806248273214,0.006852467722896827
2008-10-02,1.0936326328114647,0.0036267580556179624
2008-10-03,1.0839728223343363,-0.008832774541753796
2008-10-06,1.0680735426225518,-0.014667599947335797
2008-10-07,1.0547498375554785,-0.012474520279154522
2008-10-08,1.0385433687321257,-0.015365225237591262
2008-10-09,0.9934578884927263,-0.043412226775315754
2008-10-10,0.9657980726243917,-0.027841961082316347
2008-10-13,1.0207060275911186,0.05685241721131634
2008-10-14,1.0286799315507975,0.007812145460233455
2008-10-15,0.982577525288445,-0.04481705615939291
2008-10-16,1.0083398656479086,0.026219142710292243
2008-10-17,1.0095875122363664,0.0012373274438139958
2008-10-20,1.0304120029215516,0.02062673164316009
2008-10-21,1.0343363961853935,0.003808567109772676
2008-10-22,1.0254889635764335,-0.008553728401697158
2008-10-23,1.0143272874316362,-0.01088424794536097
2008-10-24,1.0104110160071722,-0.0038609544207179325
2008-10-27,0.9885047556869497,-0.021680543831350096
2008-10-28,1.0156634206719435,0.02747449097108312
2008-10-29,1.0129130261799124,-0.0027079782889212756
2008-10-30,1.0209282540506421,0.007913046494187503
2008-10-31,1.020268998667366,-0.000645741148469936
2008-11-03,1.0249203417118966,0.00455893793754969
2008-11-04,1.0377479493160149,0.012515711789554906
2008-11-05,1.032850659776407,-0.004719151257138732
2008-11-06,1.0187395218266302,-0.013662321668876654
2008-11-07,1.023347424204368,0.004523140880483056
2008-11-10,1.0201884654342088,-0.003086887889140133
2008-11-11,1.0129492047633273,-0.007096003254457861
2008-11-12,1.0048743699113758,-0.007971608856574441
2008-11-13,1.028146237714849,0.023158982356695612
2008-11-14,1.0136752632715915,-0.014074821180516506
2008-11-17,1.0070876422756487,-0.006498748893882966
2008-11-18,1.0144043551215491,0.007265219568544645
2008-11-19,0.9993993160246487,-0.014791970303698554
2008-11-20,0.9952403603789287,-0.004161455365272071
2008-11-21,0.991309323164828,-0.003949837014853352
2008-11-24,0.9965412556597384,0.005277800150418455
2008-11-25,1.00841069279742,0.01191063297206263
2008-11-26,1.0193918626493308,0.010889580931998988
2008-11-28,1.0270507162706868,0.007513159464949015
2008-12-01,1.0076248602525388,-0.018914213008569825
2008-12-02,1.0232680189847358,0.015524784420539506
2008-12-03,1.0363054406649328,0.012740964672317556
2008-12-04,1.0297372280237418,-0.006338104948070744
2008-12-05,1.0418418349861975,0.011755044523044711
2008-12-08,1.044015152570955,0.002086034090564348
2008-12-09,1.0402328092807294,-0.003622881603692396
2008-12-10,1.038288511718128,-0.0018690984799314414
2008-12-11,1.0445524241259043,0.006032920847222956
2008-12-12,1.0470560618878155,0.0023968521867212544
2008-12-15,1.0471498635253076,8.958606984510453e-05
2008-12-16,1.0761406128790023,0.02768538712892088
2008-12-17,1.076496927717751,0.0003311043505693223
2008-12-18,1.0840815704393916,0.00704567056937222
2008-12-19,1.0855926332814194,0.0013938645238803504
2008-12-22,1.0804292063763623,-0.004756320876505682
2008-12-23,1.0803658635043545,-5.862750806262529e-05
2008-12-24,1.077946184425168,-0.0022396848705843464
2008-12-26,1.0812450627576655,0.0030603367590718022
2008-12-29,1.0816013181492279,0.00032948625971412904
2008-12-30,1.0928388467808439,0.010389714253349003
2008-12-31,1.0917903809145966,-0.0009593965929522441
2009-01-02,1.0950814656800851,0.0030143925271913785
2009-01-05,1.0914952310992077,-0.0032748564314805106
2009-01-06,1.0822511105426003,-0.008469226702253307
2009-01-07,1.0774657698863783,-0.004421654650760998
2009-01-08,1.081985507769373,0.004194785587918193
2009-01-09,1.0787599848826965,-0.0029811146854694104
2009-01-12,1.0751177770517153,-0.0033762911880508284
2009-01-13,1.080082689672332,0.004618017417804987
2009-01-14,1.0754274874025214,-0.004310042475750564
2009-01-15,1.0787650690678854,0.0031034929871706085
2009-01-16,1.0783871544960792,-0.00035032147651259393
2009-01-20,1.06452609292174,-0.012853511391107353
2009-01-21,1.071088984423647,0.006165082796509402
2009-01-22,1.0698174457998644,-0.0011871456454823903
2009-01-23,1.0699290046415877,0.00010427839082383095
2009-01-26,1.0657231771937072,-0.00393094067889993
2009-01-27,1.0803142965838055,0.013691284662232794
2009-01-28,1.0852104427317024,0.004532149730295698
2009-01-29,1.0704768871555654,-0.01357668061049011
2009-01-30,1.0645975147478364,-0.005492292713905889
2009-02-02,1.0723654009356904,0.007296547362027228
2009-02-03,1.0815576048929234,0.008571895315917732
2009-02-04,1.0764113445104018,-0.004758193515759346
2009-02-05,1.0822637836295952,0.0054369913035942075
2009-02-06,1.083364917452591,0.0010174357117476718
2009-02-09,1.080683793384346,-0.00247481160323082
2009-02-10,1.0699262556975382,-0.009954380506733362
2009-02-11,1.0807360585992731,0.01010331585393942
2009-02-12,1.0868291211729677,0.005637882187063847
2009-02-13,1.0743188770932526,-0.011510773714099032
2009-02-17,1.0740790454158766,-0.0002232406806671472
2009-02-18,1.0699644641294659,-0.0038307993289427578
2009-02-19,1.065971605482995,-0.003731767530914476
2009-02-20,1.0619809358554273,-0.003743692240056995
2009-02-23,1.0520108497266731,-0.009388196898961532
2009-02-24,1.0577006919609886,0.005408539499182741
2009-02-25,1.0422168007718824,-0.014639199261937574
2009-02-26,1.0148316342160821,-0.02627588284464255
2009-02-27,0.9940517569427387,-0.020476182031313017
2009-03-02,0.9776264215598058,-0.016523621902193475
2009-03-03,0.975893845261991,-0.0017722273657974075
2009-03-04,0.9874213197809344,0.011812221764600617
2009-03-05,0.98008504523681,-0.007429730751359498
2009-03-06,0.9848994820272056,0.0049122643119530185
2009-03-09,0.9760494109663607,-0.008985760701821999
2009-03-10,0.9901077082627043,0.014403263952001144
2009-03-11,0.98468934136477,-0.005472502489089481
2009-03-12,1.010204016526521,0.02591139569601486
2009-03-13,1.0267035761273935,0.016332898435312715
2009-03-16,1.018245589971975,-0.008238002040784953
2009-03-17,1.0251644495139876,0.006794882894806231
2009-03-18,1.043571875508456,0.01795558361704308
2009-03-19,1.0291217430334663,-0.01384680136952643
2009-03-20,1.0292526877862251,0.0001272393219220458
2009-03-23,1.0462931047416408,0.01655610634553417
2009-03-24,1.038675907491197,-0.007280175331294658
2009-03-25,1.0390005446648638,0.000312549055316913
2009-03-26,1.0461396931140796,0.00687116911138741
2009-03-27,1.0402673244292484,-0.005613369537055435
2009-03-30,1.0394865023606683,-0.0007505975149306732
2009-03-31,1.0423423964729468,0.00274740855777611
2009-04-01,1.0434042491432949,0.0010187177207232612
2009-04-02,1.0421556650985224,-0.0011966445850662977
2009-04-03,1.0276025252203793,-0.013964458828487292
2009-04-06,1.0313546727581138,0.003651360760260569
2009-04-07,1.0268932693687973,-0.004325770277828378
2009-04-08,1.0328805911389185,0.005830520024540986
2009-04-09,1.0322109949423888,-0.0006482803552260719
2009-04-13,1.0393255731640088,0.0068925619437110175
2009-04-14,1.0396464945658603,0.0003087785099664675
2009-04-15,1.0431409757309371,0.0033612205526996064
2009-04-16,1.043430008500773,0.00027707929854214886
2009-04-17,1.0451963892498188,0.001692859832145066
2009-04-20,1.0386975787025101,-0.00621778893818542
2009-04-21,1.0317597227764908,-0.006679380089328557
2009-04-22,1.0249298793373147,-0.006619606569634839
2009-04-23,1.0252523975573036,0.0003146734488777003
2009-04-24,1.0226055054899548,-0.0025816980030039516
2009-04-27,1.030312365722757,0.007536493976834202
2009-04-28,1.0297425221443655,-0.0005530784617845952
2009-04-29,1.0288815937698415,-0.0008360617882722243
2009-04-30,1.0275786991735603,-0.0012663212211888042
2009-05-01,1.0250785629237762,-0.002433036274296807
2009-05-04,1.0340673184749223,0.00876884550732171
2009-05-05,1.0398550753184663,0.005597079358508339
2009-05-06,1.03693631216494,-0.002806894174779695
2009-05-07,1.0431050768063765,0.005949029433212849
2009-05-08,1.0524289938352853,0.008938617245978109
2009-05-11,1.0483284395826662,-0.003896276401199994
2009-05-12,1.056537018158836,0.007830159200333864
2009-05-13,1.0577304777746173,0.001129595646218784
2009-05-14,1.0584091054303357,0.0006415884480764911
2009-05-15,1.0529651169206342,-0.005143557894362605
2009-05-18,1.055066516778853,0.0019956975064513993
2009-05-19,1.0504106432728944,-0.004412872015096492
2009-05-20,1.0541192409352906,0.0035306169888388306
2009-05-21,1.0435923571982781,-0.00998642594520166
2009-05-22,1.0411541225030192,-0.0023363861170896394
2009-05-26,1.0424217843474493,0.0012175544590676268
2009-05-27,1.0312115524665808,-0.010754026872036193
2009-05-28,1.0365588518205355,0.005185453306030485
2009-05-29,1.0513865296686293,0.014304713931149848
2009-06-01,1.0462672603618366,-0.004869064955974223
2009-06-02,1.0512364047916698,0.0047494025839197596
2009-06-03,1.0532430177735472,0.0019088123020958303
2009-06-04,1.0398721784130602,-0.012694923331893149
2009-06-05,1.0357113395298427,-0.004001298399546882
2009-06-08,1.0274583709511385,-0.007968406122163985
2009-06-09,1.0270554575847957,-0.000392145684666223
2009-06-10,1.0217556811762125,-0.00516016576266104
2009-06-11,1.030697487887058,0.008751413743598557
2009-06-12,1.035247109481808,0.00441411922335877
2009-06-15,1.0216166808493445,-0.013166352755417277
2009-06-16,1.0265284611295005,0.004807850510107792
2009-06-17,1.036889187112375,0.010092974890802908
2009-06-18,1.040549623552055,0.0035302098673377635
2009-06-19,1.0471793150822135,0.006371336243943149
2009-06-22,1.04056623228336,-0.006315138872213355
2009-06-23,1.0406259904737614,5.742853126250447e-05
2009-06-24,1.0413058441639957,0.0006533122336536135
2009-06-25,1.062228926817755,0.02009311939525049
2009-06-26,1.0629318970291752,0.0006617878629291418
2009-06-29,1.0672701440578372,0.00408139697452603
2009-06-30,1.061436074202327,-0.0054663478482856465
2009-07-01,1.0625079373247543,0.0010098235291587376
2009-07-02,1.051584518032769,-0.01028078841414487
2009-07-06,1.0560162449739203,0.004214332623916794
2009-07-07,1.0560770157103416,5.7547160576876255e-05
2009-07-08,1.0670669322991957,0.01040635903003928
2009-07-09,1.0571912177749943,-0.009255009433121741
2009-07-10,1.0580180754963384,0.0007821269297757505
2009-07-13,1.0654088605363496,0.006985499786044735
2009-07-14,1.0643201994845246,-0.001021824664830584
2009-07-15,1.0621060151535173,-0.00208037424459262
2009-07-16,1.0687054858762055,0.00621357061209582
2009-07-17,1.0635003710835569,-0.004870485705779859
2009-07-20,1.0666539293941433,0.002965263009145347
2009-07-21,1.0804409599874623,0.012925495527073227
2009-07-22,1.0752443836043672,-0.004809681024269263
2009-07-23,1.0808321216651058,0.005196714482718412
2009-07-24,1.0914351472411952,0.009810057791171611
2009-07-27,1.08849928275048,-0.002689911991689109
2009-07-28,1.0933004956437549,0.0044108553577939524
2009-07-29,1.0932763437881023,-2.2090775362137993e-05
2009-07-30,1.0962447725931523,0.002715167873078461
2009-07-31,1.0974782222900967,0.0011251590226756814
2009-08-03,1.0949937467944455,-0.0022638039144566857
2009-08-04,1.094778260306319,-0.0001967924371780727
2009-08-05,1.0838764895556876,-0.009957971532592369
2009-08-06,1.0799649323957672,-0.003608858756151967
2009-08-07,1.078747398231699,-0.001127383054343456
2009-08-10,1.0865128149684795,0.0071985496785526015
2009-08-11,1.0895104778282658,0.002758976073258035
2009-08-12,1.0909313692376708,0.0013041558005363885
2009-08-13,1.094611625165412,0.0033734990408361143
2009-08-14,1.096310263536474,0.0015518183180315281
2009-08-17,1.0979067303096934,0.0014562180308970718
2009-08-18,1.095584509505934,-0.002115134864966506
2009-08-19,1.1053207797409978,0.008886827214684145
2009-08-20,1.1106965097031885,0.004863502126007502
2009-08-21,1.1107174138948348,1.882079529719194e-05
2009-08-24,1.1180285865515887,0.006582387712025239
2009-08-25,1.1195031754810127,0.0013189188068725155
2009-08-26,1.1204329613682706,0.0008305343902740292
2009-08-27,1.1187059594806543,-0.0015413701195539642
2009-08-28,1.1159276747464797,-0.002483480766889312
2009-08-31,1.1166049385602983,0.0006069065488250036
2009-09-01,1.1090797504961485,-0.006739346929498957
2009-09-02,1.1132885975678515,0.00379490029442886
2009-09-03,1.108729878677593,-0.0040948222232920495
2009-09-04,1.1133002377372314,0.00412215738705396
2009-09-08,1.1094785248816534,-0.0034327782623539416
2009-09-09,1.116421465247973,0.006257841148444188
2009-09-10,1.1248704797102005,0.007567943402405963
2009-09-11,1.126719478701667,0.0016437439019140188
2009-09-14,1.1255560619391298,-0.001032570026993529
2009-09-15,1.119346915281288,-0.0055165147857180186
2009-09-16,1.123975894691335,0.004135428745862535
2009-09-17,1.1263612578112352,0.002122254695288761
2009-09-18,1.1209524546196505,-0.004802014588192738
2009-09-21,1.126040351056711,0.004538904764508245
2009-09-22,1.1257784001190023,-0.00023263015171959278
2009-09-23,1.1190385206055538,-0.005986861635234986
2009-09-24,1.119978126702298,0.0008396548281783267
2009-09-25,1.1226276747581105,0.002365714108733652
2009-09-28,1.1297017692979041,0.006301371949803292
2009-09-29,1.1302399809289816,0.000476419215853785
2009-09-30,1.1265592801197049,-0.0032565657483213384
2009-10-01,1.1227415630844548,-0.0033888292454918867
2009-10-02,1.1203145347801589,-0.0021616981005213587
2009-10-05,1.1238357336262765,0.003143044865350053
2009-10-06,1.1265809929115889,0.002442758495010855
2009-10-07,1.1305692579362072,0.003540149398678194
2009-10-08,1.1290975490161324,-0.0013017414985804776
2009-10-09,1.1290052703971087,-8.172776488968303e-05
2009-10-12,1.1334022613366992,0.0038945707826888443
2009-10-13,1.129226678516053,-0.0036841137194500995
2009-10-14,1.1340168722892436,0.004242012577568233
2009-10-15,1.1337157385329477,-0.0002655460986994984
2009-10-16,1.135933826330943,0.0019564761453040314
2009-10-19,1.1416565337792435,0.005037888049152062
2009-10-20,1.1375408429446787,-0.003605016669015637
2009-10-21,1.1288448947784613,-0.007644515113590766
2009-10-22,1.1307110380834091,0.001653144124210193
2009-10-23,1.1220892043636919,-0.007625143320729888
2009-10-26,1.112832126356992,-0.008249859254237435
2009-10-27,1.119969006554679,0.006413258593684246
2009-10-28,1.1159894890706203,-0.00355323893854953
2009-10-29,1.1182548017788208,0.0020298692150648723
2009-10-30,1.1143693768866207,-0.0034745434457508773
2009-11-02,1.115285430988934,0.0008220381152903022
2009-11-03,1.114196105633574,-0.0009767233795872632
2009-11-04,1.1197738419451657,0.005006063370164071
2009-11-05,1.129111284761213,0.008338686318861699
2009-11-06,1.1333230388033648,0.0037301496309484206
2009-11-09,1.143094681157028,0.008622115689080667
2009-11-10,1.1473903603856144,0.0037579382525325666
2009-11-11,1.1497995865611152,0.0020997441312746723
2009-11-12,1.1467192098935477,-0.0026790552923927624
2009-11-13,1.1483168781278992,0.0013932514782758476
2009-11-16,1.15718276503431,0.007720766867822193
2009-11-17,1.1599824638421246,0.0024194093555581775
2009-11-18,1.1618010944424861,0.00156780870146761
2009-11-19,1.1596246269358736,-0.0018733563920912966
2009-11-20,1.163596571666228,0.0034251986704090243
2009-11-23,1.1681328666565631,0.0038985118217041426
2009-11-24,1.1756965949284106,0.006475058178524229
2009-11-25,1.1812866083803648,0.004754639484428003
2009-11-27,1.178081935931841,-0.0027128661459369097
2009-11-30,1.1769280341309463,-0.0009794749971971384
2009-12-01,1.1840413071557754,0.006043932014995035
2009-12-02,1.1814950771863477,-0.002150457044057197
2009-12-03,1.1758944368079707,-0.004740299377052448
2009-12-04,1.1711561502584522,-0.004029516937235245
2009-12-07,1.1720073674274307,0.0007268178276574333
2009-12-08,1.16951627418073,-0.002125492821917041
2009-12-09,1.1733197190702387,0.003252152170497291
2009-12-10,1.1773946929368608,0.0034730293886572894
2009-12-11,1.174486988473868,-0.002469608942893997
2009-12-14,1.179931348398866,0.0046355217030308316
2009-12-15,1.1782311083034231,-0.0014409652712000232
2009-12-16,1.1752465794792126,-0.0025330589246689295
2009-12-17,1.1750247115990402,-0.00018878411054024102
2009-12-18,1.1753697402675576,0.0002936352445283563
2009-12-21,1.1748212360823604,-0.00046666522576310765
2009-12-22,1.1748216202397923,3.2699224378207603e-07
2009-12-23,1.1726975721949058,-0.0018079749370402132
2009-12-24,1.1705978880118018,-0.0017904737187902087
2009-12-28,1.1719974944766234,0.0011956338544217848
2009-12-29,1.1728024867122901,0.000686854911773005
2009-12-30,1.172187366847349,-0.0005244871765794357
2009-12-31,1.1615392643322457,-0.009083959455851998
2010-01-04,1.1730750328729704,0.009931449495473199
2010-01-05,1.1698984038279745,-0.0027079504345225436
2010-01-06,1.1735184631072602,0.0030943364547218466
2010-01-07,1.175559521334643,0.0017392638390865134
2010-01-08,1.177214006914724,0.0014074026453400057
2010-01-11,1.1809441460990056,0.0031686160395404395
2010-01-12,1.1809405710531464,-3.0272776836426374e-06
2010-01-13,1.1859244682150294,0.004220277704100217
2010-01-14,1.194063762194691,0.006863248206618433
2010-01-15,1.1926790004026322,-0.0011597050642536133
2010-01-19,1.2060556839514296,0.011215661166400603
2010-01-20,1.2030182699233811,-0.0025184691457170727
2010-01-21,1.1921672756809016,-0.009019808355172021
2010-01-22,1.1861763870835533,-0.005025208055578156
2010-01-25,1.1848670369576606,-0.0011038409971319552
2010-01-26,1.182678152495628,-0.0018473671675878767
2010-01-27,1.1854399352470932,0.0023351938527293448
2010-01-28,1.1815037170544471,-0.0033204703803281777
2010-01-29,1.1796666128087527,-0.0015548865561543779
2010-02-01,1.1810377937726122,0.0011623461654091671
2010-02-02,1.194222140288569,0.011163356994564833
2010-02-03,1.1833809196089264,-0.009078060365739826
2010-02-04,1.173314434610182,-0.008506546651158686
2010-02-05,1.1742434713900003,0.0007918054635770999
2010-02-08,1.170868997618673,-0.0028737428425578693
2010-02-09,1.1722886665600458,0.001212491699976781
2010-02-10,1.1670639892597214,-0.004456818059715262
2010-02-11,1.170337927569968,0.0028052774658254287
2010-02-12,1.17038083303034,3.6660745039107656e-05
2010-02-16,1.176797140829007,0.005482239299881342
2010-02-17,1.1782053836722026,0.0011966742561965171
2010-02-18,1.178923982185915,0.0006099093788491938
2010-02-19,1.1792525839594301,0.0002787302476499054
2010-02-22,1.1771087045099868,-0.0018179985175398317
2010-02-23,1.1759642392595684,-0.0009722681057693916
2010-02-24,1.180633641162934,0.0039707005940126106
2010-02-25,1.1831681240959033,0.002146714141122441
2010-02-26,1.1842714748055123,0.0009325392453858328
2010-03-01,1.1905440307097273,0.005296552384870368
2010-03-02,1.1929387460833298,0.0020114462899577523
2010-03-03,1.1899085410840982,-0.0025401178469393604
2010-03-04,1.1890821026353882,-0.0006945394710394792
2010-03-05,1.194546267982223,0.004595280119618794
2010-03-08,1.1894136230878656,-0.004296731764963202
2010-03-09,1.1905598328630722,0.0009636763468632847
2010-03-10,1.1899445792243468,-0.0005167767479991037
2010-03-11,1.1940893176889649,0.0034831357165556187
2010-03-12,1.1905508720346758,-0.0029633006525319194
2010-03-15,1.1944769769069696,0.00329772121840044
2010-03-16,1.1984735361097376,0.0033458654122551224
2010-03-17,1.1993886652289079,0.0007635789123395798
2010-03-18,1.2019032590031822,0.002096562896727383
2010-03-19,1.200881383358521,-0.0008502145551287366
2010-03-22,1.206787822975564,0.004918420502551535
2010-03-23,1.2084953866040409,0.0014149659086437616
2010-03-24,1.1959932644693332,-0.010345196409760116
2010-03-25,1.1913781200245943,-0.0038588381572422503
2010-03-26,1.1883332643349303,-0.002555742495590818
2010-03-29,1.1938020744194695,0.004602084489825409
2010-03-30,1.1944043902110564,0.0005045357220371249
2010-03-31,1.1937711180589157,-0.000530199116254737
2010-04-01,1.1958771743602596,0.0017642044354099218
2010-04-05,1.1888407648169523,-0.005883889829297495
2010-04-06,1.19022287653959,0.0011625709376227311
2010-04-07,1.19133313345927,0.0009328143002159672
2010-04-08,1.1884346863853195,-0.002432944230749523
2010-04-09,1.191707383448508,0.0027537879032651924
2010-04-12,1.1916411814949364,-5.555218881003743e-05
2010-04-13,1.1933346267238611,0.0014211033113176175
2010-04-14,1.1896840377726545,-0.0030591494367585015
2010-04-15,1.1890061317552147,-0.0005698202177353839
2010-04-16,1.1890478178999204,3.50596549441029e-05
2010-04-19,1.192480600661516,0.0028870014392344268
2010-04-20,1.1940552196973608,0.0013204567310958204
2010-04-21,1.1855231486609383,-0.007145457677062095
2010-04-22,1.1773446536563585,-0.006898637967396537
2010-04-23,1.1815852988677185,0.0036018723983585743
2010-04-26,1.1757622168284032,-0.004928194388416518
2010-04-27,1.1744484884719275,-0.0011173418720831219
2010-04-28,1.175292938877195,0.0007190186828596734
2010-04-29,1.1842705386307202,0.007638606050081376
2010-04-30,1.1803098106109673,-0.0033444452855614926
2010-05-03,1.1816306069998272,0.0011190251720234468
2010-05-04,1.182198432971674,0.0004805444006636961
2010-05-05,1.1863921654974505,0.0035474015265227754
2010-05-06,1.1769905222216919,-0.007924566217795748
2010-05-07,1.16757946838387,-0.00799586203978725
2010-05-10,1.1788478300364735,0.00965104471064454
2010-05-11,1.1783999894271522,-0.00037989687719713894
2010-05-12,1.1817516346376125,0.002844233910838434
2010-05-13,1.1770239333505133,-0.0040005878972606546
2010-05-14,1.1728831713339603,-0.0035179930494410594
2010-05-17,1.1716074404841363,-0.00108768791385494
2010-05-18,1.1711942225937453,-0.0003526931257967214
2010-05-19,1.170322214089107,-0.0007445464533689661
2010-05-20,1.1576684689438588,-0.01081218915005977
2010-05-21,1.1593884332108098,0.0014857140132011892
2010-05-24,1.1579796882198032,-0.0012150759406017175
2010-05-25,1.1575443794904063,-0.00037592086789189905
2010-05-26,1.1527298747976598,-0.004159239833954442
2010-05-27,1.1590063380766948,0.005444869102691263
2010-05-28,1.158835394143002,-0.0001474918023109395
2010-06-01,1.1531625629010367,-0.0048952864838587296
2010-06-02,1.1623959544114064,0.00800701636301926
2010-06-03,1.1649663427760517,0.002211284678762304
2010-06-04,1.1559700786232712,-0.007722338253432215
2010-06-07,1.1575054769095998,0.0013282335890191233
2010-06-08,1.157144086680128,-0.00031221470367187587
2010-06-09,1.154567856986584,-0.002226368974442172
2010-06-10,1.1601899587067177,0.004869442437802796
2010-06-11,1.1686921495180398,0.007328274777347432
2010-06-14,1.169193472096741,0.0004289603373378026
2010-06-15,1.1773832567980644,0.007004644566340812
2010-06-16,1.181208717617819,0.003249121131684851
2010-06-17,1.184786512522929,0.003028926938776433
2010-06-18,1.1804151004930836,-0.0036896200147795155
2010-06-21,1.178974997223454,-0.0012199973289294674
2010-06-22,1.1767114915932984,-0.0019198928183264408
2010-06-23,1.1764846092821288,-0.0001928104831052102
2010-06-24,1.1717396300417204,-0.004033184287301261
2010-06-25,1.1753087330323946,0.0030459864112873936
2010-06-28,1.1784646223807607,0.002685157745934086
2010-06-29,1.1702206227985514,-0.006995542696525359
2010-06-30,1.1663447304637138,-0.003312103939485056
2010-07-01,1.161125025724208,-0.004475267562987606
2010-07-02,1.1615432795690268,0.00036021430556781864
2010-07-06,1.165846755102635,0.003704963568128994
2010-07-07,1.1753958636617006,0.008190706469157483
2010-07-08,1.1788864229560851,0.0029696882576312755
2010-07-09,1.178758398980652,-0.00010859737879759246
2010-07-12,1.178739279457811,-1.6220052266369134e-05
2010-07-13,1.1802923202581002,0.0013175439449201187
2010-07-14,1.183231951533638,0.0024905959524458288
2010-07-15,1.1881127580530764,0.004124978634249987
2010-07-16,1.1791691507388251,-0.007527574511451973
2010-07-19,1.1803033817495832,0.0009618899969079386
2010-07-20,1.1792820727511566,-0.0008652936306194903
2010-07-21,1.173394498790324,-0.0049925069640866515
2010-07-22,1.173903091686753,0.0004334372599782421
2010-07-23,1.171797041287833,-0.0017940581414552792
2010-07-26,1.180062024651534,0.007053255019843441
2010-07-27,1.178635925158027,-0.0012084953703414003
2010-07-28,1.1732155899251868,-0.004598820651180668
2010-07-29,1.1740314896398747,0.000695438861957054
2010-07-30,1.1797340174854383,0.004857218818988263
2010-08-02,1.1890587292114385,0.007904079722881652
2010-08-03,1.1967557233920634,0.006473182519528997
2010-08-04,1.200179579763056,0.002860948399133645
2010-08-05,1.2032637335562395,0.002569743599364127
2010-08-06,1.2084190617684683,0.004284454079732325
2010-08-09,1.2099211025484462,0.0012429800451671524
2010-08-10,1.2144031596079417,0.0037044209329476496
2010-08-11,1.2021756143138584,-0.010068769335243366
2010-08-12,1.2031204379723428,0.0007859281516233163
2010-08-13,1.203442610955976,0.0002677811576173861
2010-08-16,1.2046969961982936,0.0010423307525411207
2010-08-17,1.2099705172379278,0.004377466745809133
2010-08-18,1.2085303375908811,-0.0011902601150433068
2010-08-19,1.2001055080594984,-0.006971136155487001
2010-08-20,1.1960734667332513,-0.0033597390389172865
2010-08-23,1.199575521131598,0.0029279592731971116
2010-08-24,1.191416594860029,-0.006801511141101224
2010-08-25,1.1946336148308898,0.0027001638089811375
2010-08-26,1.1935776902533255,-0.0008838898926460947
2010-08-27,1.1928396308338087,-0.0006183589267324541
2010-08-30,1.1898853548280863,-0.00247667492708753
2010-08-31,1.1902145178885768,0.0002766342649356268
2010-09-01,1.1996955044922561,0.007965779665079609
2010-09-02,1.2003230211697484,0.0005230632899286269
2010-09-03,1.2024962452350603,0.0018105326874378047
2010-09-07,1.2037488937129424,0.0010417067686040449
2010-09-08,1.2054130748369885,0.0013824985698744352
2010-09-09,1.20707677157419,0.0013801880632715036
2010-09-10,1.2114800062905442,0.003647849764030986
2010-09-13,1.2157827553721001,0.0035516467950064134
2010-09-14,1.2208836223660764,0.004195541490811139
2010-09-15,1.2244683644171321,0.002936186533576912
2010-09-16,1.2199005219462102,-0.003730469976736539
2010-09-17,1.2211601808750592,0.0010325915156093046
2010-09-20,1.2312008724187198,0.00822225593407866
2010-09-21,1.2373481633449988,0.004992922815431733
2010-09-22,1.239309546328569,0.0015851504383922466
2010-09-23,1.2369289648813009,-0.001920893334777074
2010-09-24,1.2422429658879006,0.0042961246421372445
2010-09-27,1.2423868971086052,0.00011586398527257957
2010-09-28,1.249560399441173,0.00577396811674602
2010-09-29,1.2458109869746763,-0.0030005852203491834
2010-09-30,1.2434273239019933,-0.00191334247137398
2010-10-01,1.2437603960636157,0.0002678662075535909
2010-10-04,1.2398441504257258,-0.003148713892389743
2010-10-05,1.2514677397512692,0.009375040662612522
2010-10-06,1.2530637087328207,0.0012752777645460012
2010-10-07,1.254918193842211,0.0014799607525665115
2010-10-08,1.2568048714375064,0.0015034267608464713
2010-10-11,1.2578416230410903,0.0008249105546497271
2010-10-12,1.2574497824883148,-0.0003115181956120372
2010-10-13,1.2619319191843985,0.003564465761180746
2010-10-14,1.2571094604534043,-0.0038214888281065673
2010-10-15,1.257019260159599,-7.175213984372819e-05
2010-10-18,1.2658608218490919,0.007033751963649415
2010-10-19,1.2561518558441065,-0.0076698526705353265
2010-10-20,1.2616770502711994,0.004398508350234476
2010-10-21,1.2598122615026621,-0.0014780238478114271
2010-10-22,1.2602043938057839,0.00031126249132851225
2010-10-25,1.2634440799533901,0.002570762460066267
2010-10-26,1.2574212796398818,-0.0047669702277052806
2010-10-27,1.2499617865140686,-0.005932373856397166
2010-10-28,1.2572207441073404,0.0058073436096922615
2010-10-29,1.2574227565057003,0.00016068172539046577
2010-11-01,1.256369873482562,-0.0008373341564648085
2010-11-02,1.2645232361327055,0.006489619675090541
2010-11-03,1.2669744394737121,0.0019384407268806525
2010-11-04,1.275110329586398,0.0064215108523146824
2010-11-05,1.2685990163818013,-0.005106470439078525
2010-11-08,1.2671772142725606,-0.0011207655775233305
2010-11-09,1.2591989275944264,-0.006296109642970671
2010-11-10,1.2613596476222575,0.001715948116283006
2010-11-11,1.2624770731899426,0.0008858897379439568
2010-11-12,1.2493797600666374,-0.010374297800285481
2010-11-15,1.2415524535462759,-0.006264953835929066
2010-11-16,1.2371428411793726,-0.003551692362499914
2010-11-17,1.2363806060121671,-0.0006161254317882392
2010-11-18,1.2436222867918982,0.005857161414953349
2010-11-19,1.245506995080829,0.0015154989653592965
2010-11-22,1.2490400992850308,0.002836679535446751
2010-11-23,1.2412558922681454,-0.0062321514107843146
2010-11-24,1.2404890990674105,-0.0006177559401823185
2010-11-26,1.237750028687944,-0.0022080567910881532
2010-11-29,1.2384793111086545,0.0005892000838680911
2010-11-30,1.233883472617176,-0.0037108722368277003
2010-12-01,1.2375916927127097,0.0030053243906966176
2010-12-02,1.2408605105020365,0.0026412732152086282
2010-12-03,1.2409252934318347,5.220806790939836e-05
2010-12-06,1.240815606060562,-8.839159927942486e-05
2010-12-07,1.2309310265022333,-0.007966195387976327
2010-12-08,1.2262750516073737,-0.003782482360599748
2010-12-09,1.2285695729427208,0.001871131058517106
2010-12-10,1.2293046728541144,0.0005983380409076977
2010-12-13,1.2322584929412843,0.0024028380859497656
2010-12-14,1.2320456648822222,-0.00017271380987121665
2010-12-15,1.2275775944268146,-0.003626546144160081
2010-12-16,1.2355091274715653,0.0064611256190726385
2010-12-17,1.2418803367228115,0.0051567480236140995
2010-12-20,1.2416176340270089,-0.00021153623906777774
2010-12-21,1.2413730769968911,-0.000196966460056347
2010-12-22,1.2414248411186004,4.169908520529342e-05
2010-12-23,1.238846816272123,-0.0020766660703796513
2010-12-27,1.2400607174946745,0.0009798638593627729
2010-12-28,1.2339401157884342,-0.00493572743648063
2010-12-29,1.2410717458952394,0.005779559328329631
2010-12-30,1.2376527366076069,-0.002754884477018049
2010-12-31,1.240572317175032,0.0023589658723073836
2011-01-03,1.244364973452243,0.003057182741146136
2011-01-04,1.2477860802533083,0.0027492792501012664
2011-01-05,1.2424342549159417,-0.004289056771878852
2011-01-06,1.2481760555439578,0.004621412042768114
2011-01-07,1.2519375976068123,0.003013631006737405
2011-01-10,1.2523151744181078,0.0003015939548562385
2011-01-11,1.252987661544915,0.000536995111569627
2011-01-12,1.2544980169613797,0.0012054032635904766
2011-01-13,1.2554233066955447,0.0007375776778077991
2011-01-14,1.254471582342459,-0.0007580903970875186
2011-01-18,1.2552738306692557,0.0006395109607016392
2011-01-19,1.2526073744966513,-0.0021242027894285975
2011-01-20,1.249300307656312,-0.002640146391975351
2011-01-21,1.2519609234344264,0.002129684721767
2011-01-24,1.25125022758141,-0.0005676661625084178
2011-01-25,1.2543956332825996,0.0025138102929815886
2011-01-26,1.2498099022582103,-0.0036557294227731463
2011-01-27,1.2537092330516697,0.0031199391094709483
2011-01-28,1.2452895671683626,-0.006715804319964047
2011-01-31,1.2442219609933216,-0.0008573156020800776
2011-02-01,1.2525234808965888,0.006672057047312996
2011-02-02,1.2489074750285794,-0.002886976510349415
2011-02-03,1.2461230809068615,-0.0022294638933554323
2011-02-04,1.2451822626848772,-0.0007549962250115727
2011-02-07,1.2439481152650544,-0.0009911379697634115
2011-02-08,1.241412696757192,-0.0020382027809272563
2011-02-09,1.243611780085953,0.0017714361505288823
2011-02-10,1.2417689909335625,-0.0014818041947649574
2011-02-11,1.2459684177514274,0.0033818100214498825
2011-02-14,1.2482883917561602,0.0018619845990315298
2011-02-15,1.2483716063648174,6.666296763346846e-05
2011-02-16,1.250762670868847,0.0019153467539945734
2011-02-17,1.2557629724255355,0.003997802039626741
2011-02-18,1.257161302728848,0.001113530446443911
2011-02-22,1.2536495609744067,-0.0027933899546688234
2011-02-23,1.246087103311438,-0.006032353776035171
2011-02-24,1.2498390734673661,0.003011001515028533
2011-02-25,1.255744994263766,0.004725344983826818
2011-02-28,1.2624718758532436,0.005356885052463789
2011-03-01,1.2581663332805166,-0.0034104067227771484
2011-03-02,1.2568015831185069,-0.0010847136232386978
2011-03-03,1.265485504557783,0.00690954050020276
2011-03-04,1.2690642131018324,0.0028279332565723236
2011-03-07,1.2627036403005247,-0.005012018096201165
2011-03-08,1.2646585185338064,0.0015481686841549713
2011-03-09,1.2693126933199823,0.0036801830043193817
2011-03-10,1.2647433733582951,-0.003599837916798798
2011-03-11,1.265391735155113,0.000512642968111543
2011-03-14,1.2637183778433825,-0.0013224025930004268
2011-03-15,1.2586328968803513,-0.004024220152364921
2011-03-16,1.2530296323071846,-0.004451865660793419
2011-03-17,1.2584494770031516,0.004325392278223872
2011-03-18,1.260916664972696,0.001960498227882468
2011-03-21,1.262970999402477,0.0016292388599888352
2011-03-22,1.2629150972032435,-4.426245674676865e-05
2011-03-23,1.2617172508894572,-0.0009484773097089838
2011-03-24,1.2659375559349797,0.0033448897069032757
2011-03-25,1.2659921354043668,4.311387171607173e-05
2011-03-28,1.2660015934533249,7.470859173241973e-06
2011-03-29,1.2678504198354177,0.0014603665521855103
2011-03-30,1.2746651988736994,0.005375065490112352
2011-03-31,1.273409945632724,-0.0009847709359952495
2011-04-01,1.2780385386990685,0.0036348020385884583
2011-04-04,1.2833220411106812,0.004134071275339601
2011-04-05,1.2772098900650406,-0.004762757008638763
2011-04-06,1.2757958265751561,-0.001107150438533211
2011-04-07,1.274718689279085,-0.0008442865806847499
2011-04-08,1.27247259939888,-0.0017620278882671259
2011-04-11,1.2769297885669153,0.0035027781110108513
2011-04-12,1.2797704819590143,0.002224627710570637
2011-04-13,1.2816822474595246,0.0014938346582146211
2011-04-14,1.2829968064003094,0.0010256512044154453
2011-04-15,1.293425154878896,0.008128117253732858
2011-04-18,1.2877723119336664,-0.004370444570299781
2011-04-19,1.2939728478257844,0.004814931828133195
2011-04-20,1.297732775037721,0.002905723422445994
2011-04-21,1.300118824306359,0.0018386291188250414
2011-04-25,1.3031735683689893,0.0023495883649404803
2011-04-26,1.3135537462466726,0.007965307254255483
2011-04-27,1.319054502447554,0.004187690238484032
2011-04-28,1.3249667183201226,0.0044821619285618786
2011-04-29,1.3259261738192438,0.0007241355468444177
2011-05-02,1.3324941501063463,0.004953500742944095
2011-05-03,1.3325784430791807,6.325954438718417e-05
2011-05-04,1.3337086460462715,0.0008481324104862575
2011-05-05,1.3326957118009684,-0.0007594869001605331
2011-05-06,1.337771613134222,0.003808747404457802
2011-05-09,1.3425241303449629,0.003552562458405073
2011-05-10,1.343421728076407,0.0006685896448009321
2011-05-11,1.3447068233574944,0.000956583665598143
2011-05-12,1.3494112301252041,0.003498462777160427
2011-05-13,1.3499876544673144,0.0004271672928472525
2011-05-16,1.3527379385861984,0.0020372661259405733
2011-05-17,1.3547185205547163,0.0014641283518580517
2011-05-18,1.3560819930291323,0.0010064618248945
2011-05-19,1.355303545681086,-0.0005740415049000358
2011-05-20,1.3513419951931107,-0.002922998689555145
2011-05-23,1.3453231687999703,-0.004453962368186626
2011-05-24,1.3441398010153134,-0.0008796160001557918
2011-05-25,1.3451539483915143,0.0007544954590549269
2011-05-26,1.3498146894717806,0.003464838419304783
2011-05-27,1.3501235503442417,0.000228817240522039
2011-05-31,1.3591171245606386,0.006661297193211624
2011-06-01,1.3553078432348333,-0.0028027616288305857
2011-06-02,1.3497392641700288,-0.004108718984104531
2011-06-03,1.3459375323105893,-0.002816641673217657
2011-06-06,1.3415046860221178,-0.0032935007621502366
2011-06-07,1.3440929267590667,0.0019293564636166938
2011-06-08,1.3463145057983807,0.0016528463137371885
2011-06-09,1.3507134001425805,0.003267360134095121
2011-06-10,1.340494448538433,-0.007565595782990486
2011-06-13,1.3423193856174582,0.0013613910009214192
2011-06-14,1.3427463930940824,0.00031811168131773426
2011-06-15,1.3408695192916136,-0.0013977872605889785
2011-06-16,1.3438867940321106,0.00225023739975172
2011-06-17,1.344954952552494,0.0007948277526997893
2011-06-20,1.3506883367899007,0.004262881984653799
2011-06-21,1.354016722275901,0.00246421427900273
2011-06-22,1.3497152454014925,-0.003176826994557569
2011-06-23,1.3524907298674322,0.0020563481633595893
2011-06-24,1.3474286583529256,-0.003742777235155481
2011-06-27,1.3483141899076128,0.0006572010690122365
2011-06-28,1.3515783456549484,0.0024209162610380197
2011-06-29,1.3488660967529162,-0.0020067271059435177
2011-06-30,1.348646390990586,-0.00016288181818741032
2011-07-01,1.355122031228696,0.004801584967986827
2011-07-05,1.357499874076011,0.0017547075411054047
2011-07-06,1.360594587795075,0.0022797156582946565
2011-07-07,1.3575986965215283,-0.0022018985673032954
2011-07-08,1.3618050686128111,0.0030983913744617175
2011-07-11,1.3576845773328095,-0.0030257570448016247
2011-07-12,1.3586586898990787,0.0007174807628608226
2011-07-13,1.362466400283371,0.0028025510840954393
2011-07-14,1.3574143827257534,-0.00370799423498952
2011-07-15,1.3567507876016365,-0.000488867019947381
2011-07-18,1.35132194834955,-0.0040013533079890085
2011-07-19,1.359879215335347,0.006332515353760337
2011-07-20,1.354233241132066,-0.004151820352581048
2011-07-21,1.3607022732719984,0.004776896581363543
2011-07-22,1.3621533707000224,0.001066432721196664
2011-07-25,1.3529035529137847,-0.006790584661904908
2011-07-26,1.3503839139675111,-0.001862393620629399
2011-07-27,1.3374875636038752,-0.009550136246621599
2011-07-28,1.3382089986255987,0.0005393956858780191
2011-07-29,1.34279698181271,0.003428450407838457
2011-08-01,1.33382636735864,-0.006680544099793906
2011-08-02,1.325654348621401,-0.006126748531311399
2011-08-03,1.327396902896954,0.0013144861459286616
2011-08-04,1.3097350191282486,-0.013305653893089076
2011-08-05,1.3071346529079344,-0.0019854139824748707
2011-08-08,1.2840448266773206,-0.017664458806326333
2011-08-09,1.3111763162755077,0.021129705937443455
2011-08-10,1.292179572547705,-0.014488321282193684
2011-08-11,1.3122310154118233,0.015517535867390575
2011-08-12,1.3232926258549664,0.00842962124292701
2011-08-15,1.3319265535445408,0.006524579311394663
2011-08-16,1.3343662230628937,0.0018316847215488763
2011-08-17,1.3396652647256067,0.00397120488448055
2011-08-18,1.3210909124245651,-0.013864920432079708
2011-08-19,1.3200906392487146,-0.0007571569575137715
2011-08-22,1.318460989015269,-0.0012344987419751208
2011-08-23,1.3372672895673465,0.014263827833179754
2011-08-24,1.3378220338029996,0.0004148342219844059
2011-08-25,1.3305793339806837,-0.005413799174563805
2011-08-26,1.3410691935589047,0.00788367841760984
2011-08-29,1.3537113047609328,0.009426889576427178
2011-08-30,1.3606445700694894,0.005121672016900947
2011-08-31,1.362926672992252,0.0016772219380157827
2011-09-01,1.3638682880765067,0.0006908772884952064
2011-09-02,1.3551193574353864,-0.00641479145574908
2011-09-06,1.3576970046823056,0.0019021551369449163
2011-09-07,1.370342824007599,0.009314168980031345
2011-09-08,1.366294212484095,-0.0029544515814396988
2011-09-09,1.3493057758136473,-0.012433952010644012
2011-09-12,1.3495734598730453,0.0001983865067477497
2011-09-13,1.3545190273601393,0.0036645411562548635
2011-09-14,1.3613863065718017,0.0050699023586596725
2011-09-15,1.3625491038144322,0.0008541273237561153
2011-09-16,1.367533907331693,0.003658439540495051
2011-09-19,1.3667035910105956,-0.0006071632422756656
2011-09-20,1.3738835398556255,0.005253479168603636
2011-09-21,1.3583069644030439,-0.011337624333295715
2011-09-22,1.3508768138752183,-0.005470155658880038
2011-09-23,1.3455049475579939,-0.003976577480676591
2011-09-26,1.3538129665968013,0.006174647706710945
2011-09-27,1.359669666533998,0.0043260775909979565
2011-09-28,1.3480820803676699,-0.008522353959595663
2011-09-29,1.3525149501872331,0.00328827886975136
2011-09-30,1.348162709278202,-0.003217887468400016
2011-10-03,1.3329482518249611,-0.01128532731882681
2011-10-04,1.3367070630856057,0.0028199228705979573
2011-10-05,1.3446766019447125,0.005962068338825288
2011-10-06,1.348093458697311,0.0025410249183014932
2011-10-07,1.3439640902517431,-0.0030631173372491216
2011-10-10,1.35227009538429,0.006180228469490678
2011-10-11,1.3534774000146566,0.000892798439074638
2011-10-12,1.351588937427492,-0.0013952671741280231
2011-10-13,1.3536707861344648,0.0015402972378089075
2011-10-14,1.3567582251711918,0.002280790180560488
2011-10-17,1.349437909972083,-0.005395445602097038
2011-10-18,1.3537293703285216,0.003180183634034106
2011-10-19,1.353533505681473,-0.0001446852312889102
2011-10-20,1.351530017872737,-0.001480190774980017
2011-10-21,1.3638139122078368,0.009088880137811728
2011-10-24,1.3737803648322575,0.007307780434858802
2011-10-25,1.365771374273283,-0.005829891563453982
2011-10-26,1.3698830805011806,0.0030105377117639054
2011-10-27,1.3782440624485264,0.006103427413883367
2011-10-28,1.3829894788003552,0.0034430885509481035
2011-10-31,1.3791257759490354,-0.0027937326426165088
2011-11-01,1.3742462040291568,-0.003538163092137725
2011-11-02,1.3771947828840645,0.002145597234515073
2011-11-03,1.3814395050181751,0.003082150896056679
2011-11-04,1.3771110459219127,-0.0031332961599396247
2011-11-07,1.385995712276957,0.0064516702421019145
2011-11-08,1.3913318290999472,0.003850024048215772
2011-11-09,1.3774422908209398,-0.009982908453975703
2011-11-10,1.383893148842612,0.004683214726787233
2011-11-11,1.3928987075056418,0.006507408950294502
2011-11-14,1.3925628678810573,-0.00024110843292107775
2011-11-15,1.3932742554095792,0.0005108476930770212
2011-11-16,1.3824655642457093,-0.007757762782096611
2011-11-17,1.3765816313690085,-0.004256115326757792
2011-11-18,1.3725565478029442,-0.002923970125957187
2011-11-21,1.3613012627498007,-0.008200234133274753
2011-11-22,1.365071970410668,0.002769928864423732
2011-11-23,1.3574796979983292,-0.005561811081693013
2011-11-25,1.3506049861933216,-0.005064320162684377
2011-11-28,1.3687720234842746,0.013451036740325217
2011-11-29,1.3704074581895502,0.0011948189159451394
2011-11-30,1.391134328555668,0.015124604176848466
2011-12-01,1.391959137913578,0.0005929041796893242
2011-12-02,1.3864325178901784,-0.003970389555891463
2011-12-05,1.3872742528783684,0.0006071229413103785
2011-12-06,1.388367016014487,0.0007877051951706848
2011-12-07,1.3966587480234243,0.005972291125685092
2011-12-08,1.387253590061292,-0.006734041493988874
2011-12-09,1.3926855599364134,0.003915628630581924
2011-12-12,1.3868583688467913,-0.004184139806754472
2011-12-13,1.3887997763816535,0.0013998599846043458
2011-12-14,1.3912956642970689,0.0017971546063451638
2011-12-15,1.3984220339188975,0.005122110134246072
2011-12-16,1.3994730111344615,0.0007515450915907551
2011-12-19,1.4018547551084755,0.001701886320825463
2011-12-20,1.4102006708637096,0.00595348107556859
2011-12-21,1.4124693098983525,0.001608734899589459
2011-12-22,1.418488007739582,0.004261117603796105
2011-12-23,1.4200942123758917,0.0011323357177118742
2011-12-27,1.4221289740193215,0.001432835670828858
2011-12-28,1.4188763369631086,-0.0022871603881469693
2011-12-29,1.4248949798457753,0.004241837520208902
2011-12-30,1.4261704838662554,0.0008951565122491956
2012-01-03,1.4308953974391239,0.003313007544553548
2012-01-04,1.4251832040596693,-0.003992041199991081
2012-01-05,1.427357038335117,0.0015253016378915518
2012-01-06,1.4313765409998125,0.0028160457101774616
2012-01-09,1.4327347832165258,0.0009489062995013953
2012-01-10,1.4365950457810643,0.0026943315746631447
2012-01-11,1.4413835052006994,0.0033332005659476582
2012-01-12,1.4421137853794304,0.0005066522380032246
2012-01-13,1.4420938714482698,-1.3808848762508763e-05
2012-01-17,1.4472537253358484,0.0035780291350911986
2012-01-18,1.4490556970113098,0.0012450972790158388
2012-01-19,1.4447260298047715,-0.002987923249236135
2012-01-20,1.4422450150679778,-0.0017172908119674202
2012-01-23,1.4374388381719971,-0.003332427462579335
2012-01-24,1.4384680000230645,0.0007159691415992153
2012-01-25,1.4471528550333195,0.006037572619005505
2012-01-26,1.4477983305792175,0.00044603135297899277
2012-01-27,1.4504001292341797,0.0017970725618404737
2012-01-30,1.4518576899671904,0.0010049369850650414
2012-01-31,1.455203467364913,0.002304480267482867
2012-02-01,1.459790852392911,0.0031524011115125483
2012-02-02,1.4579983013528677,-0.0012279505910761102
2012-02-03,1.4564760235560739,-0.0010440874967970748
2012-02-06,1.454461829313735,-0.0013829230346140697
2012-02-07,1.452399694734069,-0.0014177990361144421
2012-02-08,1.4527465736167624,0.0002388315585243328
2012-02-09,1.4472663791997127,-0.0037722989794470863
2012-02-10,1.4483274954827239,0.0007331865773030355
2012-02-13,1.4533063847210475,0.003437681915072821
2012-02-14,1.457847011140793,0.0031243421672693117
2012-02-15,1.4569917037290596,-0.0005866921598750019
2012-02-16,1.4577058501281672,0.0004901513147121395
2012-02-17,1.4545361598630557,-0.002174437500427673
2012-02-21,1.446683966922699,-0.005398417142889078
2012-02-22,1.4495222418798515,0.001961917752631104
2012-02-23,1.4511632209757577,0.001132082729394912
2012-02-24,1.4553421223890641,0.002879690825196457
2012-02-27,1.4591721373478648,0.002631693881376407
2012-02-28,1.4623350872783785,0.002167633173329797
2012-02-29,1.4550058989678045,-0.005011975965245219
2012-03-01,1.456469849596752,0.0010061475558183486
2012-03-02,1.4581916361391105,0.0011821642190775195
2012-03-05,1.4551274274154784,-0.00210137587384962
2012-03-06,1.448743214907069,-0.0043873906766701
2012-03-07,1.4506081741772845,0.0012872945674746727
2012-03-08,1.4565447796385245,0.004092494146192893
2012-03-09,1.458996127237387,0.0016829881464207053
2012-03-12,1.4587870976304573,-0.0001432694734601614
2012-03-13,1.4639589840040117,0.003545333230568881
2012-03-14,1.4553766795463132,-0.005862394063954779
2012-03-15,1.4563451155412153,0.0006654194810953862
2012-03-16,1.4560536189092026,-0.00020015628775216232
2012-03-19,1.4513871018495124,-0.003204907428605519
2012-03-20,1.4480002143223105,-0.0023335521742517407
2012-03-21,1.451293914154439,0.00227465424352169
2012-03-22,1.4498363772459626,-0.0010043016747063316
2012-03-23,1.454702116728587,0.0033560611107490423
2012-03-26,1.4665669625211766,0.00815620301651293
2012-03-27,1.4720042369866366,0.003707484625258828
2012-03-28,1.4691474562743934,-0.0019407421802612457
2012-03-29,1.4737805613948287,0.003153601158718655
2012-03-30,1.4756871943689762,0.0012937020775623531
2012-04-02,1.4800057509154234,0.002926471519795082
2012-04-03,1.4741706819212772,-0.003942598865265878
2012-04-04,1.4739985769103374,-0.00011674700429914475
2012-04-05,1.4770909877395475,0.0020979740941759473
2012-04-09,1.4753957795647075,-0.0011476667239262994
2012-04-10,1.4704853393513586,-0.0033282189642684923
2012-04-11,1.4702279680931223,-0.00017502470194630249
2012-04-12,1.4727539021140716,0.0017180560265258604
2012-04-13,1.4698200451770373,-0.0019920890603806196
2012-04-16,1.4698111533726126,-6.049587127354705e-06
2012-04-17,1.4798881122559633,0.00685595483489726
2012-04-18,1.4793746297782908,-0.000346973851212129
2012-04-19,1.4814167435090762,0.001380389855064168
2012-04-20,1.485481344282269,0.002743725417578835
2012-04-23,1.4811864065572926,-0.002891276784799779
2012-04-24,1.4818936331181523,0.0004774730295448726
2012-04-25,1.4887616131825485,0.0046345971876165515
2012-04-26,1.4910413176092885,0.0015312756633124036
2012-04-27,1.4922164103584565,0.0007881020702042996
2012-04-30,1.4924540656166096,0.0001592632653704129
2012-05-01,1.4938816699396575,0.0009565482489123922
2012-05-02,1.4939109438740366,1.9595885650203204e-05
2012-05-03,1.4910575365722498,-0.0019100250342816705
2012-05-04,1.4842675262971035,-0.004553821773206512
2012-05-07,1.4856648018624112,0.0009413906459259658
2012-05-08,1.4875485418994578,0.0012679441787172285
2012-05-09,1.483158636899556,-0.002951100334713408
2012-05-10,1.4873526771484755,0.002827775899742646
2012-05-11,1.4890030480517908,0.0011096029399559892
2012-05-14,1.4898773603124678,0.0005871796312444943
2012-05-15,1.485643605215023,-0.0028416802686073717
2012-05-16,1.487414197271077,0.00119180135117114
2012-05-17,1.4833099247691242,-0.0027593339565285535
2012-05-18,1.4763047518487296,-0.004722663014261774
2012-05-21,1.4815420605724412,0.0035475796695452755
2012-05-22,1.4779166193645346,-0.002447072752363
2012-05-23,1.4765980455425607,-0.0008921841764934491
2012-05-24,1.482158872301732,0.0037659719081695187
2012-05-25,1.482481391284043,0.00021760081752247862
2012-05-29,1.4843006974856754,0.0012272033985238906
2012-05-30,1.4871037511461198,0.0018884675222429759
2012-05-31,1.4863072921266902,-0.0005355773050910728
2012-06-01,1.4795347414774793,-0.004556628824393727
2012-06-04,1.476937925972585,-0.0017551568287616504
2012-06-05,1.4786409170474502,0.0011530552807380579
2012-06-06,1.4853635989864387,0.004546527734679617
2012-06-07,1.487566406298242,0.001483008815690967
2012-06-08,1.4926167167516613,0.0033950151280888186
2012-06-11,1.4880954212258883,-0.0030291068531059784
2012-06-12,1.4910835479137519,0.0020080208871295357
2012-06-13,1.4942158273515105,0.0021006733272198597
2012-06-14,1.5034500298998656,0.006179965691250011
2012-06-15,1.509762036714063,0.004198348258117823
2012-06-18,1.514646098079212,0.0032349875320609733
2012-06-19,1.5189624147499465,0.002849719598662648
2012-06-20,1.5153987188256786,-0.002346138317619151
2012-06-21,1.5065220663993228,-0.005857634902340647
2012-06-22,1.5111789738515466,0.003091164448293826
2012-06-25,1.506034702472486,-0.003404144358857386
2012-06-26,1.5066050726424562,0.00037872312572467814
2012-06-27,1.5157801016932992,0.006089870011356635
2012-06-28,1.5147961437224222,-0.0006491429527131776
2012-06-29,1.5257203769741459,0.007211685411925295
2012-07-02,1.531667892139371,0.003898168534014368
2012-07-03,1.5295568938221313,-0.001378235013003437
2012-07-05,1.526795371576034,-0.0018054393774111777
2012-07-06,1.5244366417512856,-0.0015448892947020343
2012-07-09,1.5305915592703987,0.004037503003104237
2012-07-10,1.5273012849313237,-0.0021496749535476756
2012-07-11,1.5259929618560073,-0.0008566240912808998
2012-07-12,1.529569009331473,0.0023434233085297684
2012-07-13,1.537456942616685,0.005156964633233285
2012-07-16,1.5405592979497928,0.0020178485960250514
2012-07-17,1.5484672735668268,0.005133184829404447
2012-07-18,1.5504485734353126,0.001279523243601921
2012-07-19,1.549311865534274,-0.0007331477615667992
2012-07-20,1.5423734829938553,-0.004478364036814453
2012-07-23,1.5345689988420184,-0.005060048190590027
2012-07-24,1.5275139660543087,-0.0045974034357747495
2012-07-25,1.5316089007134688,0.0026807837768826337
2012-07-26,1.5365787785478817,0.0032448739571163676
2012-07-27,1.5494750769660688,0.008392865109314251
2012-07-30,1.5479785985415413,-0.000965797028150639
2012-07-31,1.5445178003029432,-0.0022356886857859415
2012-08-01,1.5421033658372703,-0.0015632286433989173
2012-08-02,1.5365198214206968,-0.003620732916007896
2012-08-03,1.541589755939639,0.003299621943213593
2012-08-06,1.5422879828426297,0.0004529265326916887
2012-08-07,1.536433042680854,-0.003796269067067759
2012-08-08,1.5381647097990296,0.0011270696932905722
2012-08-09,1.537195166817711,-0.0006303245518129441
2012-08-10,1.542599671055265,0.0035158217734591046
2012-08-13,1.5401059072525365,-0.0016165981683521347
2012-08-14,1.5383196147352052,-0.0011598504420503586
2012-08-15,1.5362416947620066,-0.0013507725919208458
2012-08-16,1.53239179114006,-0.0025060533346238367
2012-08-17,1.5293642271444958,-0.0019757114421187216
2012-08-20,1.5313839721069393,0.0013206435240183945
2012-08-21,1.5294483923538613,-0.0012639414988880882
2012-08-22,1.535984009324002,0.004273185681069269
2012-08-23,1.5363408253731874,0.00023230453378370042
2012-08-24,1.542584122742838,0.0040637450144789256
2012-08-27,1.5453838230966144,0.0018149417671938783
2012-08-28,1.5444739876822733,-0.0005887439746315448
2012-08-29,1.5465667414278943,0.0013549944915300371
2012-08-30,1.5454098192227692,-0.0007480583761014237
2012-08-31,1.5527988469039686,0.004781273930895336
2012-09-04,1.552622576373374,-0.00011351794274311322
2012-09-05,1.5525360625924014,-5.572106337309313e-05
2012-09-06,1.5596068683204158,0.004554358445115758
2012-09-07,1.5602249843758866,0.0003963281183393952
2012-09-10,1.5578233120289122,-0.0015393115550800252
2012-09-11,1.5567765925867487,-0.000671911528143998
2012-09-12,1.5533444939545318,-0.0022046186000998502
2012-09-13,1.5634687398566351,0.006517708043196957
2012-09-14,1.5529889634458516,-0.0067029011477036105
2012-09-17,1.5590936615080089,0.0039309346079393626
2012-09-18,1.5636046364667977,0.0028933316003770804
2012-09-19,1.5662109942659537,0.0016668905542805978
2012-09-20,1.5699717298047224,0.002401167883852806
2012-09-21,1.5745741547473588,0.002931533641824746
2012-09-24,1.5784846493948754,0.0024835252348874848
2012-09-25,1.580824747625838,0.0014824966665715755
2012-09-26,1.579989208303116,-0.0005285464590409905
2012-09-27,1.5828529695020148,0.0018125194677592882
2012-09-28,1.5795138048325081,-0.0021095861295046814
2012-10-01,1.5857039736157639,0.003919034303034974
2012-10-02,1.5887285093278698,0.0019073772674034761
2012-10-03,1.596196613310032,0.004700679781545314
2012-10-04,1.5979155642420955,0.0010769042596192602
2012-10-05,1.59507133920213,-0.0017799595320384665
2012-10-08,1.5970837075125708,0.0012616164938726304
2012-10-09,1.5857523227524557,-0.007095047496141371
2012-10-10,1.5818121596833938,-0.0024847279190630123
2012-10-11,1.583132465733951,0.0008346794165631222
2012-10-12,1.5820291556690558,-0.0006969158227600469
2012-10-15,1.593630005059759,0.007332892285286108
2012-10-16,1.5984477583287848,0.003023131626368414
2012-10-17,1.593399684832677,-0.0031581097785677303
2012-10-18,1.5921774507429594,-0.0007670605820698784
2012-10-19,1.5812818041012444,-0.006843236372070627
2012-10-22,1.5792121423532952,-0.0013088506694894364
2012-10-23,1.5724848817776582,-0.004259884023949001
2012-10-24,1.5721737723412772,-0.00019784574083114848
2012-10-25,1.5755770443866601,0.0021646920367554556
2012-10-26,1.5774798277348012,0.0012076739470915365
2012-10-31,1.5750370542712935,-0.001548529128905296
2012-11-01,1.579958345555558,0.0031245558769036896
2012-11-02,1.5763129589668214,-0.0023072675295465195
2012-11-05,1.5786101520758125,0.0014573204489144453
2012-11-06,1.5758104104935504,-0.0017735484461319229
2012-11-07,1.5692822186201678,-0.004142752091184476
2012-11-08,1.563430903279746,-0.003728657134448865
2012-11-09,1.5657046293532075,0.0014543182360612361
2012-11-12,1.5702050659779987,0.0028743841848702933
2012-11-13,1.5681514444396571,-0.0013078683688123593
2012-11-14,1.5589718455015966,-0.00585377067413323
2012-11-15,1.5564015506850977,-0.001648711504261935
2012-11-16,1.562741674605631,0.004073578516895382
2012-11-19,1.5693936245969062,0.0042565896202606535
2012-11-20,1.5705376057091476,0.0007289319226942426
2012-11-21,1.568781818520986,-0.0011179529746877526
2012-11-23,1.5780706912438707,0.0059210736720813895
2012-11-26,1.5758349239321747,-0.0014167725971347966
2012-11-27,1.572906300988619,-0.0018584579508163501
2012-11-28,1.5800775332677237,0.0045592240774909865
2012-11-29,1.586419742398773,0.004013859445196388
2012-11-30,1.587260731482651,0.0005301176362104143
2012-12-03,1.5851716717056765,-0.0013161415358793338
2012-12-04,1.5883344107862465,0.001995202877406177
2012-12-05,1.5915568587585975,0.0020288221110541516
2012-12-06,1.5916017538647895,2.8208295509368764e-05
2012-12-07,1.591901601929457,0.00018839390189112626
2012-12-10,1.5959771352695042,0.002560166617778026
2012-12-11,1.6028770144734474,0.004323294520618581
2012-12-12,1.5983096347875863,-0.002849488541303735
2012-12-13,1.5899379895392796,-0.0052378119145976565
2012-12-14,1.588579039507946,-0.0008547188885821844
2012-12-17,1.5906661004329483,0.0013137910504276151
2012-12-18,1.5937933443760812,0.001965996472975351
2012-12-19,1.586387719978955,-0.004646539918903625
2012-12-20,1.588074980734856,0.001063586621764534
2012-12-21,1.583542263599385,-0.002854221110752342
2012-12-24,1.5795830890114342,-0.0025002014022358354
2012-12-26,1.5784476469363744,-0.0007188238991407414
2012-12-27,1.5788747508620347,0.00027058479037261884
2012-12-28,1.5729795528646755,-0.0037337971198415643
2012-12-31,1.5772017201313686,0.0026841844568188944
2013-01-02,1.5892292822008758,0.007625886984516661
2013-01-03,1.5861213947292108,-0.0019555941401739885
2013-01-04,1.589999634666182,0.002445109151076985
2013-01-07,1.5929745816953167,0.001871036297287687
2013-01-08,1.595111979354589,0.0013417650751198495
2013-01-09,1.6043050303667488,0.005763263727653345
2013-01-10,1.607585430465741,0.0020447483719741033
2013-01-11,1.6099571737331027,0.0014753450873677965
2013-01-14,1.6104269438412113,0.00029179043751786926
2013-01-15,1.611422660886515,0.0006182938314039932
2013-01-16,1.6107394324192972,-0.00042399085218391974
2013-01-17,1.6142113076524818,0.002155454298384041
2013-01-18,1.6191672222414988,0.0030701770985759325
2013-01-22,1.6221507132230901,0.0018426083116115377
2013-01-23,1.621570348148594,-0.0003577750635408994
2013-01-24,1.6253907428593704,0.002355984564677227
2013-01-25,1.6263075433969791,0.0005640493165328664
2013-01-28,1.6217784928555814,-0.0027848672041067557
2013-01-29,1.629291332879158,0.004632469882091206
2013-01-30,1.6272988741980792,-0.0012228989628011444
2013-01-31,1.625720308909251,-0.0009700524678395439
2013-02-01,1.629399613851439,0.0022631844616967656
2013-02-04,1.6250644618561174,-0.0026605824369103637
2013-02-05,1.6310862267434294,0.0037055544740878243
2013-02-06,1.6333627267896549,0.0013956957081113774
2013-02-07,1.6307253480361494,-0.001614692627821268
2013-02-08,1.6373973411455227,0.004091426626444572
2013-02-11,1.6348518065907764,-0.001554622381984283
2013-02-12,1.6330612367087791,-0.0010952490462919906
2013-02-13,1.629646181441577,-0.0020911985358765817
2013-02-14,1.6348121104886484,0.003169969718519905
2013-02-15,1.6359292469364615,0.0006833424102046237
2013-02-19,1.6397062543718606,0.002308784100823469
2013-02-20,1.6362305389752836,-0.0021197183259561436
2013-02-21,1.6340801691854752,-0.0013142217667903022
2013-02-22,1.6386734739170925,0.0028109420934391283
2013-02-25,1.635921221435917,-0.0016795612579220132
2013-02-26,1.6364922890484073,0.00034908014212881033
2013-02-27,1.6450497483000877,0.005229147310346571
2013-02-28,1.6454467322097461,0.0002413203066160552
2013-03-01,1.6537472485268352,0.0050445366322749985
2013-03-04,1.6563538531296602,0.0015761807647130532
2013-03-05,1.662651754055781,0.0038022678029945856
2013-03-06,1.6616943087482088,-0.0005758543875690192
2013-03-07,1.6579383028411976,-0.0022603470970786743
2013-03-08,1.6552151775261887,-0.0016424768704252357
2013-03-11,1.6598792658713342,0.002817813906296096
2013-03-12,1.6658643182744581,0.0036057155036406385
2013-03-13,1.6653424765296767,-0.0003132558510658412
2013-03-14,1.6663183208928054,0.0005859721810268503
2013-03-15,1.6674441800824396,0.0006756567310806094
2013-03-18,1.6647840276267243,-0.0015953472311041605
2013-03-19,1.6679218205551538,0.0018848048013186958
2013-03-20,1.6716646326348148,0.0022439973106265776
2013-03-21,1.6692004056318845,-0.0014741156538355948
2013-03-22,1.6758766918648103,0.003999691235635927
2013-03-25,1.674079460299284,-0.0010724127701343678
2013-03-26,1.6846557976320886,0.006317703301200517
2013-03-27,1.6925490485032233,0.0046853789849709004
2013-03-28,1.6984062074911213,0.003460554949989425
2013-04-01,1.7028817018536417,0.0026351142281394457
2013-04-02,1.713601237486763,0.006294938527704463
2013-04-03,1.712063052707835,-0.0008976328595467487
2013-04-04,1.7193488696064592,0.00425557743746674
2013-04-05,1.7172626178617414,-0.0012133964093020144
2013-04-08,1.7152326323163285,-0.0011821054766454897
2013-04-09,1.7183192960338913,0.001799559814457563
2013-04-10,1.729125682152326,0.006288927874683936
2013-04-11,1.7384832416407776,0.0054117289362124454
2013-04-12,1.7449545982126333,0.0037224152737577176
2013-04-15,1.7310480664591914,-0.007969566524932137
2013-04-16,1.7410861204809651,0.005798830324975357
2013-04-17,1.7386806307258804,-0.0013816029700013388
2013-04-18,1.7285502926779712,-0.005826451315374626
2013-04-19,1.7402250509051913,0.006754074947470989
2013-04-22,1.7460068411397094,0.003322438228038793
2013-04-23,1.750913674693545,0.0028103174845710566
2013-04-24,1.7362379478639602,-0.008381753504868472
2013-04-25,1.7387626022199612,0.0014540946758518913
2013-04-26,1.7417046822721471,0.0016920539057083683
2013-04-29,1.7441321289863854,0.0013937188887105378
2013-04-30,1.7373887642887254,-0.003866315278291954
2013-05-01,1.7310492814128002,-0.003648856839776171
2013-05-02,1.740659869514478,0.005551885902308817
2013-05-03,1.739119377677056,-0.0008850045114510707
2013-05-06,1.732338342615283,-0.0038991199504834206
2013-05-07,1.7338784827222893,0.0008890527151185768
2013-05-08,1.7374780939551153,0.0020760458525181935
2013-05-09,1.7384113063549245,0.0005371074335014381
2013-05-10,1.7420621328634278,0.0021000936286811878
2013-05-13,1.747751284155499,0.003265756820464205
2013-05-14,1.7530577238892273,0.0030361526733436173
2013-05-15,1.7600026645566262,0.003961615509152416
2013-05-16,1.7550995352480923,-0.002785864707636143
2013-05-17,1.7553979533134891,0.0001700291404582166
2013-05-20,1.7486633342201643,-0.003836519850449027
2013-05-21,1.7604597768035726,0.006745976971415657
2013-05-22,1.7534742816661306,-0.00396799474176307
2013-05-23,1.7540253766509268,0.000314287463784535
2013-05-24,1.751685033767765,-0.0013342696829338196
2013-05-28,1.7503123979253319,-0.0007836088200631752
2013-05-29,1.7401347205391546,-0.005814777635261448
2013-05-30,1.7464517762842908,0.003630210736315309
2013-05-31,1.7248821845011693,-0.012350522399772523
2013-06-03,1.7307887997753084,0.003424358676327399
2013-06-04,1.7232027843174347,-0.00438298159709527
2013-06-05,1.7148391918742774,-0.004853516091822163
2013-06-06,1.7283847300862318,0.007899013666202603
2013-06-07,1.7295919892554075,0.0006984898374537973
2013-06-10,1.7286961251661626,-0.0005179626725899666
2013-06-11,1.727285223887832,-0.0008161650030857337
2013-06-12,1.7146665622604533,-0.007305488087819112
2013-06-13,1.734403309697425,0.011510545473606637
2013-06-14,1.73413052884403,-0.0001572764834278928
2013-06-17,1.7340377650986445,-5.3492942914457053e-05
2013-06-18,1.740849354331657,0.003928166600584426
2013-06-19,1.7150765740814606,-0.014804715977328742
2013-06-20,1.689161177480653,-0.015110343755168454
2013-06-21,1.6885668408105123,-0.0003518531434797967
2013-06-24,1.6793567727327665,-0.005454369856821906
2013-06-25,1.6826643496266276,0.0019695498583536253
2013-06-26,1.6981962411498208,0.009230534614131258
2013-06-27,1.7057904694710617,0.0044719380111800655
2013-06-28,1.6982165605327364,-0.004440116810286665
2013-07-01,1.7008584908092987,0.0015557086993271962
2013-07-02,1.6994095436506969,-0.0008518916573198032
2013-07-03,1.6965016044523984,-0.0017111467975233219
2013-07-05,1.6938217288940647,-0.0015796481130937456
2013-07-08,1.7035350185252864,0.005734540693112966
2013-07-09,1.7074270001374967,0.002284650194968818
2013-07-10,1.7100097775240988,0.0015126722175495266
2013-07-11,1.7295705042525782,0.011438956072404083
2013-07-12,1.7341243190766031,0.002632916560977583
2013-07-15,1.7377180055992563,0.002072335001083725
2013-07-16,1.7330965774738587,-0.0026594810610849895
2013-07-17,1.7391807084906077,0.00351055509302145
2013-07-18,1.737561332013352,-0.0009311145583377201
2013-07-19,1.753810566038843,0.009351747029650359
2013-07-22,1.758060774155015,0.002423413450958589
2013-07-23,1.7539204418598238,-0.002355056409913514
2013-07-24,1.7466384642352621,-0.004151828926082846
2013-07-25,1.7522418857795647,0.003208117569285407
2013-07-26,1.7587044687282214,0.0036881796977370485
2013-07-29,1.7543181291211516,-0.002494074294495774
2013-07-30,1.754232078592319,-4.9050698048502817e-05
2013-07-31,1.7551785204187802,0.0005395191651155207
2013-08-01,1.752937482744475,-0.0012768146648527434
2013-08-02,1.760744420153738,0.004453631396505897
2013-08-05,1.7567777384232015,-0.002252843561583062
2013-08-06,1.7529274699892852,-0.0021916650864282627
2013-08-07,1.7568084556532781,0.0022140024219123866
2013-08-08,1.7581013506830652,0.0007359339748318483
2013-08-09,1.7556072351606,-0.0014186414915703938
2013-08-12,1.7502662146817496,-0.0030422638799172397
2013-08-13,1.745647042620752,-0.002639125421179167
2013-08-14,1.739564287846295,-0.0034845272990151055
2013-08-15,1.72010319015255,-0.011187340318327132
2013-08-16,1.7127811686420058,-0.004256733870655227
2013-08-19,1.7106645788909502,-0.0012357619232430395
2013-08-20,1.7177160087432124,0.004122041187544667
2013-08-21,1.7071279318385852,-0.0061640439110619005
2013-08-22,1.7123209466384226,0.00304195995097134
2013-08-23,1.7193765634587175,0.0041204990420435905
2013-08-26,1.7223025071966667,0.0017017469006692654
2013-08-27,1.7132049964638614,-0.005282179347002702
2013-08-28,1.7133918312542016,0.00010905571179514739
2013-08-29,1.7168526952649488,0.002019890574716854
2013-08-30,1.7119305433632954,-0.0028669622706878894
2013-09-03,1.7126377246028095,0.00041308991317184907
2013-09-04,1.7196557938606225,0.004097813073363488
2013-09-05,1.7142798277389864,-0.003126187310756645
2013-09-06,1.7198369713231003,0.003241678222069111
2013-09-09,1.7268816306851595,0.004096120434392003
2013-09-10,1.7283554814813091,0.0008534752874548857
2013-09-11,1.7385032165996106,0.005871324057481808
2013-09-12,1.7372320578038547,-0.0007311800079624065
2013-09-13,1.7404075063804836,0.0018278781826321921
2013-09-16,1.7501468114575227,0.005595991192484551
2013-09-17,1.7524081534929281,0.001292087052698343
2013-09-18,1.7686967301526328,0.009294967400852339
2013-09-19,1.762749323797106,-0.003362592497705208
2013-09-20,1.7619674441002626,-0.0004435569404497297
2013-09-23,1.7591283127944064,-0.001611341523569454
2013-09-24,1.7578713324826818,-0.0007145472576288725
2013-09-25,1.7533849997818785,-0.002552139407420162
2013-09-26,1.7546177711316784,0.0007030808122308607
2013-09-27,1.755825075240932,0.000688072427577735
2013-09-30,1.7553840457525578,-0.0002511807665770971
2013-10-01,1.7645336325912895,0.005212299189382763
2013-10-02,1.7639414423825122,-0.0003356072096555307
2013-10-03,1.7573872413037488,-0.0037156568360402487
2013-10-04,1.7646898804018591,0.004155395536326156
2013-10-07,1.7556508148992342,-0.005122183564948202
2013-10-08,1.742567710613954,-0.007451996817505524
2013-10-09,1.7394567069414597,-0.0017852985875643768
2013-10-10,1.7578207153115588,0.010557324190257567
2013-10-11,1.7632570065506448,0.0030926312289604185
2013-10-14,1.7666733222657538,0.00193750298590456
2013-10-15,1.7611979571833691,-0.003099251578306761
2013-10-16,1.783495530968616,0.012660458578379608
2013-10-17,1.796079570227585,0.007055828871146419
2013-10-18,1.7925928672780274,-0.0019412853457910773
2013-10-21,1.7873744101757107,-0.002911122317607262
2013-10-22,1.801956705453142,0.008158500644527944
2013-10-23,1.8018252084180408,-7.297458074506658e-05
2013-10-24,1.7999895023285186,-0.0010188036447408289
2013-10-25,1.8027600150519638,0.0015391827118220736
2013-10-28,1.8049614130215597,0.001221126467868927
2013-10-29,1.812157415908328,0.0039867904293433565
2013-10-30,1.8048532411441698,-0.004030651366176696
2013-10-31,1.8002237607677605,-0.002565017626294297
2013-11-01,1.801200877172563,0.0005427749739209675
2013-11-04,1.803645208726551,0.0013570566087138802
2013-11-05,1.7965331595119465,-0.003943153110264996
2013-11-06,1.7972352699068241,0.00039081404713325885
2013-11-07,1.7916220806879346,-0.0031232356235588177
2013-11-08,1.794722476336277,0.0017304964488670804
2013-11-11,1.7964727600666315,0.0009752392102023166
2013-11-12,1.7951679394159028,-0.0007263236491714675
2013-11-13,1.8039545538360924,0.0048945918803833255
2013-11-14,1.8158880279364407,0.006615174464884244
2013-11-15,1.8203866344392292,0.002477358974551258
2013-11-18,1.8195826398130972,-0.00044166146406565687
2013-11-19,1.8172095325758886,-0.0013042041539000904
2013-11-20,1.8148995443783351,-0.001271173277568649
2013-11-21,1.819382849544107,0.0024702773107518894
2013-11-22,1.8341653493553254,0.008125007782129323
2013-11-25,1.8385383527176904,0.0023841925505255768
2013-11-26,1.8378738087421986,-0.00036145233223411344
2013-11-27,1.835469317187583,-0.0013083006804809338
2013-11-29,1.8344303103031103,-0.0005660715081114431
2013-12-02,1.830823358335461,-0.0019662518370913706
2013-12-03,1.8245046887747507,-0.0034512720912928674
2013-12-04,1.8171981576736131,-0.004004665565449594
2013-12-05,1.8132805530857155,-0.0021558488662089537
2013-12-06,1.8259016562083992,0.006960369757016305
2013-12-09,1.8288086389321128,0.0015920806653684227
2013-12-10,1.828984203945293,9.599966308265762e-05
2013-12-11,1.809695065990763,-0.01054636661865177
2013-12-12,1.800576278504549,-0.005038853040814195
2013-12-13,1.8025900136858215,0.0011183837115441575
2013-12-16,1.8038167157585558,0.0006805219508712046
2013-12-17,1.8023355602259699,-0.0008211230773316203
2013-12-18,1.8212829337888197,0.010512678094457661
2013-12-19,1.8154916801841237,-0.0031797660304477837
2013-12-20,1.822870798224275,0.004064528700788661
2013-12-23,1.823452387652701,0.00031905137160154196
2013-12-24,1.8182477961442798,-0.002854251388006379
2013-12-26,1.8242366308783846,0.0032937395809331527
2013-12-27,1.8228643668701983,-0.0007522401342888174
2013-12-30,1.826820228531061,0.0021701349440796935
2013-12-31,1.8222032867720777,-0.0025273103980766876
2014-01-02,1.8206894492640386,-0.0008307731190193013
2014-01-03,1.8222870080256304,0.0008774471463199318
2014-01-06,1.821058235763581,-0.0006743022677754285
2014-01-07,1.832112919626854,0.0060704724572621105
2014-01-08,1.8356964698320413,0.0019559657959931087
2014-01-09,1.8449658362937653,0.0050495093355886755
2014-01-10,1.85632329897319,0.006155920318958286
2014-01-13,1.8514737112890385,-0.002612469329471845
2014-01-14,1.8596656180470525,0.004424533120867602
2014-01-15,1.8580167299052657,-0.0008866584001905875
2014-01-16,1.8628913312312114,0.002623550825720633
2014-01-17,1.8641319849473867,0.0006659828704852488
2014-01-21,1.868510252931278,0.0023486899099663394
2014-01-22,1.8667308840578103,-0.0009522928068906311
2014-01-23,1.8665381036188247,-0.00010327168240054085
2014-01-24,1.848377615177762,-0.009729503194096656
2014-01-27,1.8380867515594659,-0.00556751149429302
2014-01-28,1.8517652971274048,0.007441730133974311
2014-01-29,1.8477046569693598,-0.002192848178083906
2014-01-30,1.8636292877207303,0.008618601837314444
2014-01-31,1.8591988559179244,-0.002377313896061717
2014-02-03,1.8459784946296,-0.00711078389825992
2014-02-04,1.8522773219861906,0.003412188914938774
2014-02-05,1.8437466410313952,-0.004605509581928069
2014-02-06,1.8472164938644906,0.0018819575075426642
2014-02-07,1.8655045037533962,0.00990030673158715
2014-02-10,1.8737416620117164,0.004415512394500998
2014-02-11,1.882308614153966,0.004572109547402559
2014-02-12,1.8800863622816,-0.0011805991088049694
2014-02-13,1.8912283463372133,0.005926315024216033
2014-02-14,1.8940028636412476,0.0014670451135146423
2014-02-18,1.9051121121936236,0.0058654866714500375
2014-02-19,1.8974093147996138,-0.004043225248901772
2014-02-20,1.9049959818776763,0.003998434612335344
2014-02-21,1.9044350088296438,-0.000294474662082711
2014-02-24,1.9106242813622358,0.003249925833066769
2014-02-25,1.9114907149117102,0.00045348191055988307
2014-02-26,1.914297375613503,0.001468309879769647
2014-02-27,1.9209245330611566,0.003461926831263451
2014-02-28,1.9199886545019753,-0.00048720214827485675
2014-03-03,1.9176302959546947,-0.0012283190016517676
2014-03-04,1.9284641150241877,0.005649586936724571
2014-03-05,1.9270981746846314,-0.000708304774205859
2014-03-06,1.9170017644885091,-0.005239177914625304
2014-03-07,1.910442340081438,-0.003421710156235158
2014-03-10,1.915496965166334,0.0026457878255988776
2014-03-11,1.914516939244649,-0.0005116301093173736
2014-03-12,1.9181306048108984,0.0018875077530915996
2014-03-13,1.910738152272711,-0.0038539881067776727
2014-03-14,1.9056290919139158,-0.00267386734949443
2014-03-17,1.9111099137784342,0.0028761220574217705
2014-03-18,1.9236521791673515,0.006562817396577714
2014-03-19,1.9118182259815188,-0.006151815444596032
2014-03-20,1.9120064327626458,9.844386802526639e-05
2014-03-21,1.8964548018378082,-0.008133670817397298
2014-03-24,1.886234017661961,-0.005389416170605621
2014-03-25,1.894038371062112,0.004137531890038071
2014-03-26,1.8983746166243145,0.0022894180120390795
2014-03-27,1.8971795348056797,-0.0006295289708202478
2014-03-28,1.890232448895783,-0.003661796779084625
2014-03-31,1.9030987245645992,0.006806716113847533
2014-04-01,1.907150286456791,0.002128928909412575
2014-04-02,1.9072221308767336,3.7671084682056044e-05
2014-04-03,1.9057867102792259,-0.0007526237108247957
2014-04-04,1.8958073176327184,-0.0052363638557671455
2014-04-07,1.8885698970371902,-0.00381759292108097
2014-04-08,1.8821410508131766,-0.0034040816991202094
2014-04-09,1.9020204043954323,0.010562095531398419
2014-04-10,1.8743207390832641,-0.01456328504581561
2014-04-11,1.8674120316131047,-0.0036859793129849217
2014-04-14,1.8711509315890915,0.0020021826531539944
2014-04-15,1.8822677364104339,0.005941158798933199
2014-04-16,1.8854532289892276,0.0016923695376453995
2014-04-17,1.8799457987130683,-0.0029210113470232724
2014-04-21,1.8909970968625012,0.005878519559977646
2014-04-22,1.9009725645988222,0.005275242226903454
2014-04-23,1.898665120655556,-0.0012138228537523776
2014-04-24,1.8969107181228422,-0.0009240189402690002
2014-04-25,1.8911598646162393,-0.003031694350008163
2014-04-28,1.8953718254529803,0.0022271839179476283
2014-04-29,1.9017896762075,0.0033860642372827154
2014-04-30,1.9051255514147432,0.0017540715721494626
2014-05-01,1.9099985056559725,0.0025578126531401457
2014-05-02,1.903199536479442,-0.003559672510945411
2014-05-05,1.90890510968511,0.00299788492814701
2014-05-06,1.9016483488373785,-0.0038015304222892565
2014-05-07,1.905029126746705,0.0017778144478675095
2014-05-08,1.900939625428478,-0.0021466870300354546
2014-05-09,1.9059880943463297,0.002655775517706793
2014-05-12,1.9132087213395075,0.003788390396874064
2014-05-13,1.9184167094686757,0.00272212230222435
2014-05-14,1.9234554125658558,0.0026264904138453282
2014-05-15,1.9172061656607522,-0.0032489689463439664
2014-05-16,1.9184808934828839,0.0006648882342250029
2014-05-19,1.9232145708523563,0.002467409180645419
2014-05-20,1.919925115536664,-0.0017103943395325727
2014-05-21,1.9265327291501113,0.0034415996540576588
2014-05-22,1.9312595412264617,0.00245353323347669
2014-05-23,1.9337125655976328,0.0012701681564837308
2014-05-27,1.9392356511270188,0.0028562081188518995
2014-05-28,1.94179100963301,0.0013177142780487205
2014-05-29,1.948292675254532,0.0033482828941259757
2014-05-30,1.9501588672312464,0.0009578601821056965
2014-06-02,1.9470008560731542,-0.0016193609716402269
2014-06-03,1.9438908548043994,-0.0015973291737668704
2014-06-04,1.9458886638231565,0.001027737238343096
2014-06-05,1.948441507597031,0.0013119166688903006
2014-06-06,1.9467133117539208,-0.0008869631633138253
2014-06-09,1.9402771866907143,-0.0033061494080028897
2014-06-10,1.9418186608461683,0.0007944607945852833
2014-06-11,1.94201335713914,0.00010026492014808541
2014-06-12,1.9409411128984895,-0.0005521302089445679
2014-06-13,1.9382446489657676,-0.0013892559206472033
2014-06-16,1.940194832961345,0.001006159875956869
2014-06-17,1.9356503542366295,-0.0023422795729124424
2014-06-18,1.948533454787582,0.006655696119268084
2014-06-19,1.949309033774904,0.00039803216383904605
2014-06-20,1.9586443250080827,0.004789025788846102
2014-06-23,1.954265865310674,-0.0022354542075375128
2014-06-24,1.9589072019649414,0.0023749770881503762
2014-06-25,1.970544130252945,0.005940520447487718
2014-06-26,1.9744097965574612,0.0019617253149363245
2014-06-27,1.9718302338520959,-0.001306498129143685
2014-06-30,1.968718076873262,-0.0015783087840955945
2014-07-01,1.9779604890088274,0.0046946346681818185
2014-07-02,1.981475338566601,0.0017770069611123263
2014-07-03,1.983437987388807,0.0009904987379886765
2014-07-07,1.978380305645068,-0.0025499570825490703
2014-07-08,1.9736315580564128,-0.00240032089639447
2014-07-09,1.9780110048785056,0.00221897891945233
2014-07-10,1.9794768803053258,0.0007410855769786062
2014-07-11,1.9831970179543914,0.0018793539273324056
2014-07-14,1.9842130282331631,0.0005123093013822966
2014-07-15,1.974843259868776,-0.004722158473442872
2014-07-16,1.9730556406834137,-0.0009051954763646397
2014-07-17,1.9679617770810094,-0.0025817131039649333
2014-07-18,1.9820971242869583,0.007182734629589738
2014-07-21,1.9783489102868594,-0.0018910344776607024
2014-07-22,1.9881598977476918,0.00495917955109848
2014-07-23,1.9961216593692257,0.004004588177516977
2014-07-24,1.9900012180171849,-0.0030661664950696332
2014-07-25,1.9901593106884663,7.944350478283901e-05
2014-07-28,1.9899753150819508,-9.245270241803327e-05
2014-07-29,1.9921218974831627,0.0010786980044138472
2014-07-30,1.989145180893784,-0.0014942441991825928
2014-07-31,1.9683855971160977,-0.0104364346942028
2014-08-01,1.9749862697142428,0.003353343271671916
2014-08-04,1.9797699708880225,0.0024221440154477136
2014-08-05,1.9707074522485892,-0.0045775614201120085
2014-08-06,1.9710747719167678,0.00018638974940671238
2014-08-07,1.9628544289160148,-0.004170487653677057
2014-08-08,1.9736545556011877,0.005502255555006885
2014-08-11,1.9726919128302651,-0.0004877463324017284
2014-08-12,1.9704561648393593,-0.0011333487892178362
2014-08-13,1.985576490314241,0.007673515272599074
2014-08-14,1.9992591389568963,0.006891020673038817
2014-08-15,2.004245088562228,0.002493898618831869
2014-08-18,2.0088567555722885,0.0023009496375360206
2014-08-19,2.0143961214546553,0.0027574718142552856
2014-08-20,2.011247750168271,-0.0015629355382746346
2014-08-21,2.014811599034713,0.0017719591562718184
2014-08-22,2.015867715772025,0.0005241764231542767
2014-08-25,2.02432185884057,0.00419379853271129
2014-08-26,2.027795135080169,0.0017157727287439029
2014-08-27,2.0298144731555534,0.0009958294309176385
2014-08-28,2.0308515361915496,0.0005109151844720494
2014-08-29,2.034619016469751,0.0018551234352003343
2014-09-02,2.0276418587695,-0.0034292207257343166
2014-09-03,2.0337096024383206,0.002992512530049396
2014-09-04,2.025024226999247,-0.004270705821844134
2014-09-05,2.0311882787722477,0.003043939766653958
2014-09-08,2.0302711487971767,-0.0004515238615031003
2014-09-09,2.025234093129564,-0.002480976824497938
2014-09-10,2.0298095108181187,0.0022592043576969423
2014-09-11,2.025696986162227,-0.002026064334595623
2014-09-12,2.014461226500538,-0.005546614196714317
2014-09-15,2.013640782615404,-0.00040727707951926373
2014-09-16,2.027110776980416,0.006689373040764779
2014-09-17,2.02533500993314,-0.0008760088829092294
2014-09-18,2.032173907430329,0.003376674704998417
2014-09-19,2.0371507896274306,0.002449043449925248
2014-09-22,2.033832536410208,-0.0016288697106361938
2014-09-23,2.030012936991158,-0.0018780304428562267
2014-09-24,2.0448869715263895,0.007327063913827703
2014-09-25,2.033083518626456,-0.005772178640818859
2014-09-26,2.034091946123826,0.0004960088890256786
2014-09-29,2.0351275884643245,0.0005091423435759634
2014-09-30,2.0287024844577046,-0.0031571013252629787
2014-10-01,2.026590993072131,-0.0010408087936747967
2014-10-02,2.0214968173692416,-0.0025136673952976807
2014-10-03,2.0420249761774074,0.010154930065574386
2014-10-06,2.0389393131043563,-0.0015110799863120028
2014-10-07,2.02869078348829,-0.005026402478091774
2014-10-08,2.058159275473565,0.014525866743774873
2014-10-09,2.0350839276262396,-0.011211643395293514
2014-10-10,2.0327969101655023,-0.001123795156401708
2014-10-13,2.0140532331082968,-0.00922063437005094
2014-10-14,2.0085157686400716,-0.0027494131620738327
2014-10-15,2.0059661375588655,-0.0012694105373801667
2014-10-16,1.9981023274937357,-0.0039202107741955206
2014-10-17,2.011120746210855,0.006515391398121462
2014-10-20,2.024707110802288,0.006755618536098074
2014-10-21,2.0487612921306373,0.011880326393883922
2014-10-22,2.043313657362349,-0.0026589895021996157
2014-10-23,2.0565197699907998,0.0064630863601715105
2014-10-24,2.0717880683240977,0.007424338222319249
2014-10-27,2.0739787826531675,0.0010574027153470444
2014-10-28,2.079053538644253,0.0024468697720201327
2014-10-29,2.0760763016744974,-0.0014320155370779464
2014-10-30,2.09625319398547,0.009718762405167114
2014-10-31,2.0987839961236663,0.0012072979282550245
2014-11-03,2.0996419550792242,0.00040878859241477716
2014-11-04,2.099696725246837,2.6085479707782522e-05
2014-11-05,2.0989073536770544,-0.0003759455164601966
2014-11-06,2.102097552819734,0.0015199332819959
2014-11-07,2.0984344636071173,-0.0017425876395237294
2014-11-10,2.1047880831104107,0.003027790294852284
2014-11-11,2.1087749021416258,0.0018941664784243306
2014-11-12,2.1068200164708615,-0.0009270243442194848
2014-11-13,2.107755099601469,0.00044383626664706854
2014-11-14,2.101262095147423,-0.0030805307766892387
2014-11-17,2.1052183226840513,0.001882786324354624
2014-11-18,2.1233985674285614,0.008635800167904217
2014-11-19,2.1146951890518317,-0.0040987963871848
2014-11-20,2.1121213080816563,-0.0012171404103536454
2014-11-21,2.119202864531332,0.0033528171050494215
2014-11-24,2.125839964077554,0.0031318849447147246
2014-11-25,2.129857109997237,0.001889674663928087
2014-11-26,2.138175818466157,0.003905758949684035
2014-11-28,2.1489653143730783,0.0050461219389627
2014-12-01,2.143706530568969,-0.0024471236315153355
2014-12-02,2.15082800968395,0.0033220401269621336
2014-12-03,2.1529210809615176,0.000973146745413267
2014-12-04,2.155325217258666,0.001116685752398705
2014-12-05,2.157902289258975,0.001195676633703846
2014-12-08,2.165305577043228,0.003430779892631408
2014-12-09,2.164738338304431,-0.00026196706128273073
2014-12-10,2.1529692426441995,-0.005436728981041583
2014-12-11,2.1542381231481533,0.0005893630428251417
2014-12-12,2.14656626330954,-0.003561286821626819
2014-12-15,2.1328242707926517,-0.006401848734779503
2014-12-16,2.1258635458082793,-0.0032636186111036913
2014-12-17,2.1384045343242875,0.0058992443521297955
2014-12-18,2.1616705548287944,0.010880083787260963
2014-12-19,2.1682705890708465,0.003053210040405596
2014-12-22,2.157954067412269,-0.0047579493586168975
2014-12-23,2.1242596187047966,-0.015614071317040346
2014-12-24,2.1328200818429863,0.004029857303133877
2014-12-26,2.141852048666983,0.00423475327379319
2014-12-29,2.1492279380315957,0.00344369694872404
2014-12-30,2.145800179037749,-0.001594879227647672
2014-12-31,2.136297888062047,-0.0044283205251492985
2015-01-02,2.145645343437879,0.004375539304732223
2015-01-05,2.1467195424603274,0.0005006414623616728
2015-01-06,2.1503155826266527,0.0016751327293569318
2015-01-07,2.175394739195678,0.011663012058160505
2015-01-08,2.1895421543415727,0.006503378394270398
2015-01-09,2.185207125027518,-0.0019798793576360496
2015-01-12,2.189518730111651,0.0019730876010569665
2015-01-13,2.185698139584489,-0.0017449453501441337
2015-01-14,2.1890173543942164,0.0015186062291100422
2015-01-15,2.1866024604947842,-0.0011031862742360565
2015-01-16,2.199121034456996,0.005725125709123424
2015-01-20,2.201641448835058,0.0011461008005340112
2015-01-21,2.198594681501775,-0.0013838617250302998
2015-01-22,2.2089634739943014,0.00471610005234957
2015-01-23,2.209841875764884,0.00039765337042635407
2015-01-26,2.21307606637529,0.0014635393807471142
2015-01-27,2.206685144763067,-0.0028878002475037357
2015-01-28,2.19928178301953,-0.003354969675264663
2015-01-29,2.2046794415594095,0.0024542823850741136
2015-01-30,2.1971049428546325,-0.003435646272194337
2015-02-02,2.2019169689133715,0.0021901666893012206
2015-02-03,2.200056083781697,-0.0008451204827185643
2015-02-04,2.188064062630386,-0.005450779750440726
2015-02-05,2.202551058302524,0.006620919341238374
2015-02-06,2.1802245204067265,-0.010136672115562184
2015-02-09,2.1669094243013003,-0.0061072132621195485
2015-02-10,2.18242128415905,0.007158517879791437
2015-02-11,2.183104608041083,0.00031310356391456295
2015-02-12,2.187398858591622,0.001967038379527053
2015-02-13,2.188084752003345,0.0003135657719801066
2015-02-17,2.188216674423633,6.0291275357282625e-05
2015-02-18,2.194688784539734,0.002957709897629557
2015-02-19,2.193764625300852,-0.000421088969603467
2015-02-20,2.2046645418588358,0.0049685898078009605
2015-02-23,2.2147712100876484,0.004584220427607977
2015-02-24,2.2207390438109096,0.002694559914847683
2015-02-25,2.221309450506927,0.0002568544456437727
2015-02-26,2.217790842098765,-0.0015840244173810913
2015-02-27,2.216371530292564,-0.000639966483429788
2015-03-02,2.2180936626455083,0.0007770052671253747
2015-03-03,2.205660512395198,-0.005605331487887555
2015-03-04,2.2118333734819338,0.0027986451459985906
2015-03-05,2.2164178100299154,0.002072686217210129
2015-03-06,2.183326966217926,-0.014929876335699754
2015-03-09,2.1951248658291505,0.0054036339008175505
2015-03-10,2.187564208585099,-0.0034442948379594385
2015-03-11,2.1889012657236733,0.0006112081800053182
2015-03-12,2.204415925040411,0.00708787534626798
2015-03-13,2.2006180366596957,-0.0017228547197351007
2015-03-16,2.228801430198498,0.012807035600590377
2015-03-17,2.2279058360184734,-0.0004018277123705727
2015-03-18,2.2551523390025867,0.012229647475948013
2015-03-19,2.2563870863052946,0.0005475227909677027
2015-03-20,2.269151071225844,0.005656824131824778
2015-03-23,2.2674360983658213,-0.0007557772956457431
2015-03-24,2.2610196741769704,-0.002829814782200679
2015-03-25,2.235522511341034,-0.011276842535754339
2015-03-26,2.2266127922751977,-0.003985519725539011
2015-03-27,2.2389371399438125,0.005535020597820739
2015-03-30,2.250175026743063,0.005019295360624787
2015-03-31,2.233570226450767,-0.007379337204861891
2015-04-01,2.227640412399961,-0.002654859014766142
2015-04-02,2.2278792261223668,0.0001072047899097206
2015-04-06,2.231019410398506,0.001409494841246417
2015-04-07,2.2345738845084613,0.0015932062685731774
2015-04-08,2.2429772615825554,0.0037606172399811677
2015-04-09,2.2468944659370016,0.0017464307024147585
2015-04-10,2.2562209861029743,0.004150849230955489
2015-04-13,2.252425257027777,-0.0016823392294357253
2015-04-14,2.257587144077564,0.002291701815046565
2015-04-15,2.2611177773414743,0.001563896779432028
2015-04-16,2.261338361625628,9.75554154517555e-05
2015-04-17,2.2538374682095537,-0.0033170150665476905
2015-04-20,2.258687714703366,0.0021519947920937144
2015-04-21,2.2638059871422813,0.002266038109472457
2015-04-22,2.259065936336105,-0.0020938414480297096
2015-04-23,2.2667730879757713,0.0034116541335513784
2015-04-24,2.267106719099284,0.00014718329120921858
2015-04-27,2.244761998661267,-0.009856051437620195
2015-04-28,2.245119344469376,0.00015919095579935982
2015-04-29,2.2307138332978496,-0.00641636766749748
2015-04-30,2.214760778046997,-0.007151547192078722
2015-05-01,2.2236859514010723,0.004029858864461777
2015-05-04,2.2284323910253008,0.0021344918877764796
2015-05-05,2.2125335389920777,-0.007134545385919455
2015-05-06,2.2028376567052432,-0.004382253247673384
2015-05-07,2.2127250101914115,0.004488462168817597
2015-05-08,2.2349003229330755,0.010021721017988372
2015-05-11,2.224514869636164,-0.004646942501346785
2015-05-12,2.218243692800127,-0.0028191211133881122
2015-05-13,2.2179897081799025,-0.00011449806937297025
2015-05-14,2.2370927102851965,0.008612755070432576
2015-05-15,2.2473790214998606,0.004598071044338847
2015-05-18,2.2464569364503326,-0.00041029352001015207
2015-05-19,2.2467400818469843,0.00012604087443551792
2015-05-20,2.2506849460115674,0.0017558168817376485
2015-05-21,2.2575371497490515,0.003044497076157615
2015-05-22,2.252287647032242,-0.0023253228490141
2015-05-26,2.2478742904807065,-0.001959499514793517
2015-05-27,2.2602666767955637,0.005512935650955453
2015-05-28,2.262078165301224,0.0008014490167277399
2015-05-29,2.259852833167403,-0.0009837556314172269
2015-06-01,2.2593903649831333,-0.0002046452660467435
2015-06-02,2.244167886965974,-0.006737427163133414
2015-06-03,2.2367001971352005,-0.0033275985607608694
2015-06-04,2.2343866275277184,-0.0010343673284624044
2015-06-05,2.2258597719194753,-0.0038161952381884356
2015-06-08,2.2219208796910697,-0.0017696048412830234
2015-06-09,2.218006577489313,-0.0017616748811958294
2015-06-10,2.227396525037649,0.004233507530426284
2015-06-11,2.2437821520316525,0.007356403231223663
2015-06-12,2.2292949224222824,-0.006456611483540153
2015-06-15,2.2333078729005726,0.0018000985145246728
2015-06-16,2.243112590958656,0.0043902223141985
2015-06-17,2.2448001528493586,0.0007523304436456435
2015-06-18,2.2598175978451764,0.006689880601066345
2015-06-19,2.264953115174263,0.0022725362144197514
2015-06-22,2.264246441882456,-0.00031200349670490457
2015-06-23,2.2630186457886863,-0.0005422537366334135
2015-06-24,2.2549769653429483,-0.003553519305155961
2015-06-25,2.2584379456448755,0.0015348184727026482
2015-06-26,2.2514075140085112,-0.0031129620585422235
2015-06-29,2.236939590667801,-0.006426168186207559
2015-06-30,2.237782706824902,0.0003769060910800426
2015-07-01,2.2439668028348585,0.0027634926264716864
2015-07-02,2.242724350521104,-0.0005536856927584322
2015-07-06,2.250203009025065,0.003334631160634316
2015-07-07,2.258605513067207,0.0037341093263325575
2015-07-08,2.2437134800509173,-0.006593463502206076
2015-07-09,2.2419627448409525,-0.0007802846600204472
2015-07-10,2.249288547068286,0.003267584282651892
2015-07-13,2.2558402390066306,0.0029127841098394724
2015-07-14,2.2706989726377196,0.006586784548905933
2015-07-15,2.2765167143506995,0.002562092898743762
2015-07-16,2.281420269296249,0.002153972740300325
2015-07-17,2.2790151525221214,-0.0010542190785695627
2015-07-20,2.2804388400658393,0.000624694198343656
2015-07-21,2.278571832884577,-0.0008187052195655631
2015-07-22,2.2825000294469846,0.0017239731070642916
2015-07-23,2.283013815088373,0.00022509775893114758
2015-07-24,2.2555457384406017,-0.012031498217941416
2015-07-27,2.2582218923843946,0.0011864773558719066
2015-07-28,2.275414426554555,0.007613305950199267
2015-07-29,2.2757442692745338,0.00014495940437475596
2015-07-30,2.2753954630887865,-0.00015327125743280767
2015-07-31,2.2886342039615535,0.005818215377293434
2015-08-03,2.291226763595488,0.001132797731261348
2015-08-04,2.284717512040519,-0.0028409460200066183
2015-08-05,2.289858967315942,0.0022503680425817185
2015-08-06,2.268931203457979,-0.009139324367427648
2015-08-07,2.2714709964211592,0.0011193785687769742
2015-08-10,2.2759736376891384,0.001982257873894555
2015-08-11,2.2738982585362693,-0.000911864319736333
2015-08-12,2.274226522769147,0.00014436188235145142
2015-08-13,2.2686751934808305,-0.0024409746490677287
2015-08-14,2.2706705941427074,0.0008795444440927169
2015-08-17,2.2841472818952058,0.00593511352428755
2015-08-18,2.2806741538217943,-0.00152053595709023
2015-08-19,2.282998637903663,0.0010192092009168596
2015-08-20,2.2595615328663903,-0.01026593036375767
2015-08-21,2.2295705725797546,-0.013272911514204455
2015-08-24,2.184012626759689,-0.02043350696333962
2015-08-25,2.167061986156991,-0.007761237455777392
2015-08-26,2.206152306951051,0.018038395322222234
2015-08-27,2.2270223832017284,0.009459943533780824
2015-08-28,2.2209092883251675,-0.002744963374715581
2015-08-31,2.1987728283438535,-0.009967295871866788
2015-09-01,2.17485800633428,-0.010876440576894963
2015-09-02,2.194239465401374,0.008911597451716435
2015-09-03,2.189090178024397,-0.0023467299071822656
2015-09-04,2.178785003794171,-0.0047075147171534715
2015-09-08,2.2044533185393393,0.011781022313109846
2015-09-09,2.1878499391985455,-0.007531744583185451
2015-09-10,2.195930437585938,0.003693351286401414
2015-09-11,2.2058627674643896,0.004523062164651481
2015-09-14,2.203462436234386,-0.001088159819100154
2015-09-15,2.21059082033409,0.003235083104881964
2015-09-16,2.2133727518257857,0.0012584560951336976
2015-09-17,2.2326213415277847,0.008696497093009237
2015-09-18,2.22081511766932,-0.0052880547358673535
2015-09-21,2.1997762609527483,-0.009473484104634222
2015-09-22,2.1984860487160813,-0.0005865197563809654
2015-09-23,2.1961479896754574,-0.0010634859575249234
2015-09-24,2.1865674481350417,-0.004362429847831806
2015-09-25,2.1538181345394043,-0.014977499835904962
2015-09-28,2.1182613273995727,-0.0165087323621384
2015-09-29,2.1316268359363773,0.006309659891309272
2015-09-30,2.1540017291823976,0.010496627678358128
2015-10-01,2.1657374430733305,0.005448330765912335
2015-10-02,2.19346016124841,0.012800590516521493
2015-10-05,2.190275266706186,-0.001451995617924251
2015-10-06,2.166761467276241,-0.010735545338694308
2015-10-07,2.18138852754707,0.006750655525186444
2015-10-08,2.1817632571602856,0.00017178490144398317
2015-10-09,2.1873366397588865,0.002554531331623644
2015-10-12,2.193876991559275,0.0029900984062104508
2015-10-13,2.181147303236271,-0.005802371040846965
2015-10-14,2.185017606143855,0.0017744344464226125
2015-10-15,2.2056852212680775,0.00945878654071669
2015-10-16,2.214656979896747,0.004067560748088728
2015-10-19,2.21811256627152,0.0015603257778248891
2015-10-20,2.1968873272500633,-0.009569054043607306
2015-10-21,2.1907806347573593,-0.0027797021799694233
2015-10-22,2.1853194412054213,-0.0024928071141832042
2015-10-23,2.202494228594311,0.00785916560528832
2015-10-26,2.2096521739172243,0.0032499269373712503
2015-10-27,2.2327386050371154,0.010447993305192305
2015-10-28,2.2362446500229023,0.0015702890512472867
2015-10-29,2.2343847507678287,-0.0008317065197024354
2015-10-30,2.2295776861253453,-0.0021514041576015663
2015-11-02,2.2501268125870126,0.009216600340748005
2015-11-03,2.243155254141679,-0.0030982957966347313
2015-11-04,2.2370515107228677,-0.0027210525921205764
2015-11-05,2.2327543301090347,-0.0019209126804793364
2015-11-06,2.2205292405335277,-0.005475340215736979
2015-11-09,2.210121856839082,-0.0046868933335663665
2015-11-10,2.2196737377331814,0.004321879748187651
2015-11-11,2.208153589930626,-0.005190018517910733
2015-11-12,2.1896479606214396,-0.008380589735049904
2015-11-13,2.1911332801782923,0.000678337149881858
2015-11-16,2.206284433630411,0.006914756664590405
2015-11-17,2.210669985901383,0.0019877547083790303
2015-11-18,2.231710165922497,0.00951755809564464
2015-11-19,2.2154135286722587,-0.007302309009065422
2015-11-20,2.2234807037726,0.003641385680792586
2015-11-23,2.22215156705097,-0.0005977729959045219
2015-11-24,2.2266259805283934,0.0020135500853173394
2015-11-25,2.233322088824368,0.003007289214502662
2015-11-27,2.236651554353598,0.0014908129668758097
2015-11-30,2.221868618365039,-0.006609405009816716
2015-12-01,2.2465247452528194,0.011097022877042728
2015-12-02,2.2338936933905127,-0.00562248508012092
2015-12-03,2.197689756979599,-0.016206651425728746
2015-12-04,2.227609607356953,0.013614228433441067
2015-12-07,2.22498347809054,-0.0011789001348081474
2015-12-08,2.228106361630575,0.0014035535862564341
2015-12-09,2.2185730468788596,-0.004278662327744043
2015-12-10,2.224474606640303,0.0026600700706004843
2015-12-11,2.2170179613222416,-0.0033520928024094454
2015-12-14,2.21608277602829,-0.00042182125281203797
2015-12-15,2.2276713293780945,0.005229296249742776
2015-12-16,2.2391778031309517,0.0051652474945975135
2015-12-17,2.2318149952269586,-0.003288174745970651
2015-12-18,2.219634857203201,-0.005457503444419254
2015-12-21,2.2302335797591835,0.004774984733001197
2015-12-22,2.2346156687355814,0.0019648565137609375
2015-12-23,2.2441043431642362,0.004246222096000896
2015-12-24,2.247247164801816,0.0014004792812566391
2015-12-28,2.242186274728938,-0.0022520398077013892
2015-12-29,2.2499454324417916,0.0034605321601978156
2015-12-30,2.2455938033490868,-0.001934104280912341
2015-12-31,2.236829047416527,-0.0039030905409019323
2016-01-04,2.2214103364970113,-0.006893111003419661
2016-01-05,2.226435262124866,0.0022620429667121744
2016-01-06,2.2240717934175924,-0.0010615483627482436
2016-01-07,2.2039097775589807,-0.009065361971804797
2016-01-08,2.1900992021606145,-0.006266397807655533
2016-01-11,2.1735846138228863,-0.007540566345778377
2016-01-12,2.1923742925996748,0.008644558236792665
2016-01-13,2.164135809109255,-0.01288032047526666
2016-01-14,2.19092325065215,0.012377893027850417
2016-01-15,2.18067370122922,-0.004678187344024531
2016-01-19,2.1790969966472806,-0.0007230355376188768
2016-01-20,2.186569633734859,0.0034292356416788516
2016-01-21,2.1805823238698046,-0.0027382205316862085
2016-01-22,2.1954657728276974,0.006825446943676761
2016-01-25,2.1889360934205833,-0.0029741658867694087
2016-01-26,2.1980490788896616,0.004163203072245825
2016-01-27,2.1863664736202386,-0.005314988360189066
2016-01-28,2.1623102693931604,-0.011002823413791885
2016-01-29,2.1857765111121124,0.010852393410469174
2016-02-01,2.184903166855106,-0.00039955789284340515
2016-02-02,2.17688726923799,-0.003668765617953651
2016-02-03,2.182827824817847,0.0027289220088721478
2016-02-04,2.1794729271680486,-0.001536950194447162
2016-02-05,2.1596279489827355,-0.009105402475037438
2016-02-08,2.15294031766739,-0.0030966589955903068
2016-02-09,2.1611005976742033,0.0037902955041757558
2016-02-10,2.1739501386617683,0.0059458319531232595
2016-02-11,2.1614372219637916,-0.005755843464597232
2016-02-12,2.1676555038709897,0.0028769199697358805
2016-02-16,2.184793835937778,0.007906391046078598
2016-02-17,2.1959450955914535,0.005104032916171619
2016-02-18,2.1942578474191996,-0.0007683471575136713
2016-02-19,2.1930941171353475,-0.0005303525678263532
2016-02-22,2.2076360956298795,0.006630804570086968
2016-02-23,2.201583245109314,-0.002741779105962072
2016-02-24,2.205232025058808,0.0016573436219590176
2016-02-25,2.2222647728493596,0.007723789423064065
2016-02-26,2.214878596610845,-0.0033237156655480105
2016-02-29,2.199076667406403,-0.007134444853375721
2016-03-01,2.214057748889864,0.006812441651308954
2016-03-02,2.213937787824819,-5.4181542963271934e-05
2016-03-03,2.212149819627115,-0.0008075964047122297
2016-03-04,2.205792183121491,-0.002873962897637805
2016-03-07,2.2124041754906263,0.0029975590718515632
2016-03-08,2.2052913522751005,-0.0032149745938481744
2016-03-09,2.2029339480389156,-0.001068976320862447
2016-03-10,2.199651770620542,-0.0014899118610866569
2016-03-11,2.2179301918290535,0.008309688584641484
2016-03-14,2.214059190598391,-0.0017453214915976178
2016-03-15,2.196674692255203,-0.007851867021897219
2016-03-16,2.199833569270622,0.0014380267713540729
2016-03-17,2.188254830799895,-0.005263461123818702
2016-03-18,2.2030280523735617,0.00675114313275238
2016-03-21,2.206331953525104,0.0014997090699696014
2016-03-22,2.2149983549906564,0.003927968070129295
2016-03-23,2.2122590958718322,-0.0012366867508736834
2016-03-24,2.210653627308499,-0.000725714526986998
2016-03-28,2.209156175333985,-0.0006773797378367141
2016-03-29,2.2294520837889604,0.009187176842265332
2016-03-30,2.228098148721075,-0.0006072949841489095
2016-03-31,2.228710451074364,0.0002748094170090254
2016-04-01,2.241045995132449,0.0055348347525980834
2016-04-04,2.255772195508062,0.006571128128382342
2016-04-05,2.2456395960535303,-0.004491854042136423
2016-04-06,2.2733792747171786,0.012352685049015932
2016-04-07,2.2667959411991925,-0.0028958359879501794
2016-04-08,2.261964022901247,-0.002131607089162768
2016-04-11,2.2531168585502983,-0.003911275449731133
2016-04-12,2.2578118140046444,0.0020837602969989155
2016-04-13,2.269206107013746,0.005046608817628528
2016-04-14,2.2671846600734167,-0.0008908168077290113
2016-04-15,2.269768652664843,0.0011397362715672155
2016-04-18,2.2791751057725422,0.004144234301877159
2016-04-19,2.2813489217739384,0.0009537731418226558
2016-04-20,2.2816675471137873,0.00013966532554843258
2016-04-21,2.286517120672715,0.0021254514335630748
2016-04-22,2.2876552976154967,0.000497777572925906
2016-04-25,2.2819445456893748,-0.0024963340989677674
2016-04-26,2.275240231453146,-0.002937982979863918
2016-04-27,2.2802226544649398,0.002189844809754926
2016-04-28,2.27873238144956,-0.0006535646913522486
2016-04-29,2.260480617858176,-0.008009612598638527
2016-05-02,2.2636765399501995,0.0014138241517202554
2016-05-03,2.266846210626008,0.001400231269736929
2016-05-04,2.258050010142459,-0.0038803693176520104
2016-05-05,2.265843676401254,0.0034515029444821543
2016-05-06,2.2565068530606625,-0.0041206829217012575
2016-05-09,2.271538283770883,0.0066613716195152994
2016-05-10,2.280908961717897,0.004125256445803027
2016-05-11,2.2689236093136342,-0.005254638657404387
2016-05-12,2.2591789184801887,-0.0042948518819429515
2016-05-13,2.2608649816175777,0.0007463167806660009
2016-05-16,2.2721569798313315,0.004994547797221749
2016-05-17,2.2587805895307116,-0.005887088972881149
2016-05-18,2.254393209195147,-0.0019423667601447536
2016-05-19,2.2459765924666137,-0.0037334288864089293
2016-05-20,2.2571025261042075,0.004953717538691893
2016-05-23,2.253289060059924,-0.0016895404617998655
2016-05-24,2.267672092172947,0.0063831278320949925
2016-05-25,2.274239347418274,0.0028960338966087518
2016-05-26,2.27793172965179,0.0016235680020695309
2016-05-27,2.280897189287428,0.00130182112002597
2016-05-31,2.2849730145676457,0.0017869394987904963
2016-06-01,2.2887515358581507,0.0016536393499683721
2016-06-02,2.30700575260877,0.00797562184650813
2016-06-03,2.313897206040111,0.002987185196026698
2016-06-06,2.3171137069925996,0.0013900794486860768
2016-06-07,2.3116165059767995,-0.002372434723082739
2016-06-08,2.31697277160991,0.0023171082310848856
2016-06-09,2.3168318243276578,-6.083251559074743e-05
2016-06-10,2.311613789390562,-0.002252228617676877
2016-06-13,2.304717227790314,-0.002983440240710178
2016-06-14,2.30618790971481,0.0006381181633749455
2016-06-15,2.30177714379759,-0.001912578718603175
2016-06-16,2.307073111987242,0.00230081708992691
2016-06-17,2.2911865901515047,-0.006886007102762826
2016-06-20,2.293459294063619,0.0009919331414925403
2016-06-21,2.2869781466005454,-0.0028259265293477664
2016-06-22,2.292499499729716,0.0024142570567968757
2016-06-23,2.3020037324548586,0.004145794896034949
2016-06-24,2.284536309208013,-0.007587921340256987
2016-06-27,2.279083049778842,-0.0023870311919277354
2016-06-28,2.301045697063921,0.009636615606092191
2016-06-29,2.318320371838259,0.007507314955274458
2016-06-30,2.3318238992632287,0.005824702913800772
2016-07-01,2.3422211115253084,0.004458832532493018
2016-07-05,2.3475046008877922,0.0022557602851779324
2016-07-06,2.360900020655007,0.005706237918404411
2016-07-07,2.3575620681329568,-0.0014138474703914716
2016-07-08,2.374419568144563,0.007150394994671849
2016-07-11,2.3649382992890216,-0.003993089082798551
2016-07-12,2.3637318833425236,-0.0005101257596702435
2016-07-13,2.366297948594068,0.0010855991196072612
2016-07-14,2.366497821855636,8.446665040079404e-05
2016-07-15,2.3610113555550405,-0.002318390598092024
2016-07-18,2.361172388044876,6.820487731112879e-05
2016-07-19,2.361789244181013,0.0002612499363706666
2016-07-20,2.3700680142920247,0.0035052958816748636
2016-07-21,2.376207444276107,0.0025904024471280485
2016-07-22,2.3776363967522247,0.0006013584712732944
2016-07-25,2.375412770328648,-0.0009352255990925928
2016-07-26,2.37409412279608,-0.0005551235343344008
2016-07-27,2.3845736354205798,0.004414110006791816
2016-07-28,2.3840987249243937,-0.00019915950135979132
2016-07-29,2.391031011825162,0.0029077180522329993
2016-08-01,2.3945124928970145,0.0014560585181181418
2016-08-02,2.3870519762108904,-0.003115672483753884
2016-08-03,2.384365111785954,-0.0011255994639888245
2016-08-04,2.3854862040372224,0.00047018480757266
2016-08-05,2.380930919481458,-0.0019095832740743668
2016-08-08,2.3701665459455024,-0.00452107763727122
2016-08-09,2.3772653273898636,0.0029950559619974504
2016-08-10,2.3764702118010357,-0.00033446648956980685
2016-08-11,2.3776223404023766,0.00048480666646688597
2016-08-12,2.3788552369744416,0.0005185418016623866
2016-08-15,2.377430640727687,-0.0005988578979553294
2016-08-16,2.364782707655131,-0.005320000868115515
2016-08-17,2.369074577320477,0.001814910795589375
2016-08-18,2.371665756249369,0.0010937515237795514
2016-08-19,2.3666955505338803,-0.0020956602769140464
2016-08-22,2.371727680509368,0.002126226152895927
2016-08-23,2.372735843773669,0.00042507547244419186
2016-08-24,2.353700940304625,-0.008022344130297399
2016-08-25,2.341871867934216,-0.005025732950116657
2016-08-26,2.341875221200048,1.4318741679564262e-06
2016-08-29,2.349271917467474,0.003158450202840335
2016-08-30,2.3451575143129992,-0.001751352461110578
2016-08-31,2.340259624830612,-0.002088511945357474
2016-09-01,2.3390391313385535,-0.0005215205522962618
2016-09-02,2.337294715332632,-0.000745783164783187
2016-09-06,2.3469266682888996,0.004120983499890651
2016-09-07,2.3475553877991295,0.00026789056459464167
2016-09-08,2.3427615518377074,-0.0020420544649710215
2016-09-09,2.313758011597718,-0.012380064978118943
2016-09-12,2.3319485792441617,0.007861914493764388
2016-09-13,2.312061054706579,-0.008528286049955869
2016-09-14,2.314672004139717,0.0011292735664669706
2016-09-15,2.326946111557927,0.005302741553126378
2016-09-16,2.3289954060412064,0.0008806798202593003
2016-09-19,2.3228048164365727,-0.0026580514450890713
2016-09-20,2.328141658350601,0.0022975851764488464
2016-09-21,2.3416575293521387,0.005805433253195047
2016-09-22,2.3539770310649657,0.005261017701523207
2016-09-23,2.3508132509629673,-0.001344014856664466
2016-09-26,2.3405173695168506,-0.004379710486104693
2016-09-27,2.3507625257619327,0.00437730408606074
2016-09-28,2.3484614824889665,-0.0009788497339690005
2016-09-29,2.3285098366137427,-0.008495624060258444
2016-09-30,2.3375099845060068,0.0038651964233710756
2016-10-03,2.333817559450711,-0.0015796403351305277
2016-10-04,2.32621169064125,-0.0032589817394513276
2016-10-05,2.328119521142777,0.000820144834282277
2016-10-06,2.3213475908473726,-0.002908755428535914
2016-10-07,2.3222222796532734,0.0003768021684255607
2016-10-10,2.324510520746142,0.0009853669534208853
2016-10-11,2.2950565223572332,-0.01267105402450669
2016-10-12,2.2896768958393796,-0.0023440061128988665
2016-10-13,2.2925540632417953,0.0012565822748371591
2016-10-14,2.2813425685348907,-0.004890394903512563
2016-10-17,2.280058037186712,-0.0005630593870012413
2016-10-18,2.2959642117783328,0.006976214785851309
2016-10-19,2.2922329177636036,-0.001625153386793865
2016-10-20,2.2966039517591477,0.0019068891130872845
2016-10-21,2.288374465925531,-0.0035833282561902324
2016-10-24,2.284690211545923,-0.001609987541142388
2016-10-25,2.2812001075208324,-0.0015276049275534387
2016-10-26,2.271820148181021,-0.004111852927275728
2016-10-27,2.2731787041836853,0.0005980033251099526
2016-10-28,2.2487773736140513,-0.010734453267894961
2016-10-31,2.242729883711335,-0.0026892345919495297
2016-11-01,2.2367771254901676,-0.002654246623457257
2016-11-02,2.2342928827059003,-0.001110634920197029
2016-11-03,2.2230244814017768,-0.005043385937154643
2016-11-04,2.234199221990864,0.0050268185000109655
2016-11-07,2.258114921325286,0.01070437188368123
2016-11-08,2.2572607215020226,-0.00037828004907813906
2016-11-09,2.279855884772805,0.010009992667460943
2016-11-10,2.285556447167502,0.0025004047110043226
2016-11-11,2.2661275039035162,-0.008500749691858989
2016-11-14,2.2560326119586467,-0.004454688417787955
2016-11-15,2.2592428460917238,0.0014229555530627103
2016-11-16,2.2554945685066405,-0.0016590857382007829
2016-11-17,2.255022985689346,-0.0002090817791712274
2016-11-18,2.2380266477535433,-0.007537101858235418
2016-11-21,2.2429928395831533,0.0022190047802131962
2016-11-22,2.227860714384799,-0.006746399244487278
2016-11-23,2.2282240421687387,0.0001630837069812041
2016-11-25,2.231620257222892,0.0015241802394554416
2016-11-28,2.2283513557497328,-0.0014648108084602263
2016-11-29,2.236780236724461,0.0037825637114987654
2016-11-30,2.2186521927101603,-0.008104526192008465
2016-12-01,2.2063519336807196,-0.005544023110001517
2016-12-02,2.2138902904453475,0.0034166610727653923
2016-12-05,2.2115269537933497,-0.0010675039599737368
2016-12-06,2.2150246818842123,0.0015815896274123942
2016-12-07,2.209168088425875,-0.0026440307894697868
2016-12-08,2.207096243714093,-0.0009378393263223539
2016-12-09,2.2148931596028505,0.0035326578580174295
2016-12-12,2.220413793911246,0.002492505918156751
2016-12-13,2.2300373405737757,0.0043341230760315375
2016-12-14,2.2150132709561525,-0.006737138138573628
2016-12-15,2.219102786203687,0.0018462712170428386
2016-12-16,2.2213733724530695,0.0010232001255187084
2016-12-19,2.2218888575414586,0.00023205693143768524
2016-12-20,2.218739262852826,-0.0014175302594197636
2016-12-21,2.214306065844003,-0.001998070292911769
2016-12-22,2.2152746070078404,0.0004374016667241243
2016-12-23,2.2246954487433013,0.004252674456547645
2016-12-27,2.225332141825615,0.00028619336757906844
2016-12-28,2.2209317207140002,-0.0019774221694407457
2016-12-29,2.2262719290861233,0.0024044901166103694
2016-12-30,2.2255524736385786,-0.0003231660239456646
2017-01-03,2.2395478092447787,0.006288477028501216
2017-01-04,2.249649266420181,0.0045104896326408905
2017-01-05,2.2626940308146035,0.005798576955589496
2017-01-06,2.260748725633719,-0.0008597296649004438
2017-01-09,2.2698300142738783,0.004016938520053137
2017-01-10,2.2732748770942846,0.001517674362724486
2017-01-11,2.2631220104677863,-0.004466185206549178
2017-01-12,2.2648847243651993,0.0007788859324684427
2017-01-13,2.2635381547260307,-0.000594542240796081
2017-01-17,2.263484192989729,-2.3839552334870007e-05
2017-01-18,2.2540271336875013,-0.0041780982308237125
2017-01-19,2.242543240068464,-0.005094833796543519
2017-01-20,2.2401964941142465,-0.0010464663121260709
2017-01-23,2.2414225921538566,0.0005473171852699021
2017-01-24,2.2294335869383635,-0.005348837500550374
2017-01-25,2.234401976727388,0.0022285435269894793
2017-01-26,2.2272461227734435,-0.0032025812850492996
2017-01-27,2.2378056800401485,0.004741082343228231
2017-01-30,2.232032316302996,-0.0025799218353262376
2017-01-31,2.253715806082939,0.009714684514899097
2017-02-01,2.2613044455903077,0.0033671678952982287
2017-02-02,2.2614178322174703,5.014213251269828e-05
2017-02-03,2.2672104517916565,0.0025614990258151504
2017-02-06,2.273888622854433,0.0029455452878222044
2017-02-07,2.2770527717200624,0.0013915144452666395
2017-02-08,2.279943992753044,0.001269720697249177
2017-02-09,2.2773117777066214,-0.0011545086435409413
2017-02-10,2.2787775534424806,0.0006436429786242925
2017-02-13,2.2840212088878653,0.00230108262979134
2017-02-14,2.2888950255053833,0.0021338753767051744
2017-02-15,2.299115908616187,0.00446542239679476
2017-02-16,2.3021760374017797,0.0013310023971058738
2017-02-17,2.3068129047508568,0.00201412371328058
2017-02-21,2.3114315707661146,0.002002184921779393
2017-02-22,2.31158186490131,6.502210019804222e-05
2017-02-23,2.3231030852806693,0.004984128208607275
2017-02-24,2.3341120811347658,0.0047389183561634685
2017-02-27,2.335549766068153,0.0006159451146358075
2017-02-28,2.332666177951157,-0.0012346506843441407
2017-03-01,2.336206177830962,0.001517576716834057
2017-03-02,2.3291593806262916,-0.003016342166860142
2017-03-03,2.3349020651919026,0.002465561014578066
2017-03-06,2.330212157742002,-0.0020086099197975105
2017-03-07,2.320363070068266,-0.00422669139417764
2017-03-08,2.3211155777515655,0.0003243060075410198
2017-03-09,2.3242022530973103,0.0013298240619000201
2017-03-10,2.331118420638206,0.0029757167353567926
2017-03-13,2.327282667070981,-0.0016454563325766225
2017-03-14,2.3242260116841233,-0.0013134010019955067
2017-03-15,2.3490059237757186,0.010661575925501321
2017-03-16,2.3344071267480486,-0.006214883019198314
2017-03-17,2.3311107931521273,-0.0014120645701219958
2017-03-20,2.332187199562384,0.00046175686433225227
2017-03-21,2.3269075522816824,-0.0022638179652528234
2017-03-22,2.3294298584325577,0.0010839735117117444
2017-03-23,2.324618624657727,-0.0020654125975993476
2017-03-24,2.3259065763769806,0.0005540486106375697
2017-03-27,2.331903605192382,0.0025783618638469674
2017-03-28,2.328717070964056,-0.001366494833333065
2017-03-29,2.3323440180042136,0.0015574872041694832
2017-03-30,2.329189808927961,-0.0013523772873574313
2017-03-31,2.3282312103396587,-0.0004115588109769863
2017-04-03,2.334900574881906,0.002864562811729643
2017-04-04,2.332620626170284,-0.0009764650093235239
2017-04-05,2.3312191438248275,-0.0006008188085677713
2017-04-06,2.332492370363368,0.0005461633849024317
2017-04-07,2.331010190184501,-0.0006354491005842178
2017-04-10,2.330914476295944,-4.1061119749774555e-05
2017-04-11,2.3347432871871003,0.0016426217821775002
2017-04-12,2.3383675054912763,0.0015522984150188046
2017-04-13,2.3388822242044283,0.0002201188273201482
2017-04-17,2.341290019315452,0.0010294640260661292
2017-04-18,2.3352077298755196,-0.002597836829164313
2017-04-19,2.3356616108657726,0.00019436428907210201
2017-04-20,2.3403371763117162,0.0020018162837424636
2017-04-21,2.333937208058941,-0.002734635127602192
2017-04-24,2.343098708839063,0.003925341585235498
2017-04-25,2.342097521657104,-0.0004272919353256466
2017-04-26,2.351612000702408,0.00406237526718034
2017-04-27,2.354887828984777,0.001393013933161713
2017-04-28,2.3592322227902947,0.0018448410799212223
2017-05-01,2.3593392348783393,4.5358861671451756e-05
2017-05-02,2.3650572270430787,0.0024235565959358496
2017-05-03,2.356846388409566,-0.003471729368586418
2017-05-04,2.3619869996292393,0.002181139697925938
2017-05-05,2.3615883384510905,-0.00016878212209098242
2017-05-08,2.3513862516068778,-0.0043200106801442595
2017-05-09,2.351452882577176,2.8336888613145206e-05
2017-05-10,2.3475856298579196,-0.0016446226704818767
2017-05-11,2.3490976763097517,0.0006440857503134945
2017-05-12,2.3530771515012248,0.0016940441564459174
2017-05-15,2.3599599530480284,0.0029250216221820557
2017-05-16,2.3570005649047947,-0.0012539993059676457
2017-05-17,2.3509696255304573,-0.0025587348022468315
2017-05-18,2.3558481943343073,0.0020751305124792063
2017-05-19,2.358824968141699,0.001263567752179784
2017-05-22,2.360646046276399,0.000772027666018249
2017-05-23,2.361477898794459,0.0003523834161296979
2017-05-24,2.3668852844847463,0.002289831165918632
2017-05-25,2.3731803384395693,0.0026596362722299816
2017-05-26,2.371771354123587,-0.000593711439944189
2017-05-30,2.373046303467348,0.0005375515399257957
2017-05-31,2.3782963741283654,0.002212375988343007
2017-06-01,2.3908034693937426,0.00525884637483881
2017-06-02,2.403820076094516,0.005444448641391042
2017-06-05,2.39839317344823,-0.0022576159922514383
2017-06-06,2.3992387442546557,0.00035255721029664455
2017-06-07,2.400283109357549,0.0004352901958565858
2017-06-08,2.3949668556645256,-0.002214844437432306
2017-06-09,2.4019387507556917,0.002911061200983278
2017-06-12,2.400165172745183,-0.0007383943532910386
2017-06-13,2.403093157051344,0.0012199095043163855
2017-06-14,2.4150952415273985,0.004994431631098806
2017-06-15,2.4117279424952653,-0.001394271734808994
2017-06-16,2.414390677846834,0.001104077829282013
2017-06-19,2.42361422662075,0.003820238728780123
2017-06-20,2.430674627456404,0.0029131702389363356
2017-06-21,2.4459919153368688,0.0063016611550734125
2017-06-22,2.4598549961024325,0.0056676723576392085
2017-06-23,2.458366125921598,-0.0006052674581200623
2017-06-26,2.4581700439687157,-7.976108636331691e-05
2017-06-27,2.4409715421795717,-0.006996465452559608
2017-06-28,2.4462700455148436,0.0021706534647023545
2017-06-29,2.4305584677630443,-0.0064226669416999616
2017-06-30,2.4260302839629606,-0.0018630219598260722
2017-07-03,2.4237176459086407,-0.0009532601755251613
2017-07-05,2.431807188709702,0.0033376589120093225
2017-07-06,2.4138322355161503,-0.0073916029515025405
2017-07-07,2.4180196927785684,0.0017347755990684832
2017-07-10,2.4173311818384207,-0.00028474165955050257
2017-07-11,2.417552930450152,9.173282229496538e-05
2017-07-12,2.4293516343728436,0.004880432512596511
2017-07-13,2.429164452652282,-7.705007291364252e-05
2017-07-14,2.4391193091749597,0.004098057878217487
2017-07-17,2.436195337313711,-0.0011987818104059467
2017-07-18,2.4415704626182273,0.0022063605582806067
2017-07-19,2.451501519346251,0.004067487250551727
2017-07-20,2.4599108584297955,0.003430281000106228
2017-07-21,2.4607310478923177,0.0003334224326508872
2017-07-24,2.4594714237177175,-0.0005118902269628522
2017-07-25,2.4437694165020583,-0.00638430154716918
2017-07-26,2.4435682004252364,-8.233840535976089e-05
2017-07-27,2.4332352357298053,-0.004228637732981211
2017-07-28,2.441405693347546,0.003357857677615872
2017-07-31,2.440679632183654,-0.0002973947205375804
2017-08-01,2.440961144064685,0.00011534159474219097
2017-08-02,2.4370636028856345,-0.001596723974294889
2017-08-03,2.4432753178180215,0.0025488522027211635
2017-08-04,2.4372101085386615,-0.002482409262324403
2017-08-07,2.4405007314161984,0.0013501597035103785
2017-08-08,2.4338055245793817,-0.0027433742389953997
2017-08-09,2.436666791278201,0.0011756348935536565
2017-08-10,2.426023653932791,-0.004367908399911802
2017-08-11,2.430783660010803,0.001962060868736959
2017-08-14,2.4360410940673662,0.0021628556021064393
2017-08-15,2.4324076231364358,-0.0014915474701060472
2017-08-16,2.438064125421576,0.002325474657839832
2017-08-17,2.4271764706899965,-0.004465696623011051
2017-08-18,2.4218264268027774,-0.0022042253424194858
2017-08-21,2.428047916472676,0.002568924676452422
2017-08-22,2.440399696239818,0.005087123562654283
2017-08-23,2.4353701131133203,-0.0020609669531788666
2017-08-24,2.4370083568386245,0.000672687784285031
2017-08-25,2.4393556445848126,0.0009631841185941958
2017-08-28,2.446975247994171,0.0031236131665643985
2017-08-29,2.452121947652131,0.0021032904448782253
2017-08-30,2.4574232171219643,0.0021619110235970296
2017-08-31,2.4802620434924774,0.009293810773571609
2017-09-01,2.4756980842261873,-0.0018401117245916976
2017-09-05,2.4789802695422813,0.001325761544594739
2017-09-06,2.4819868998755505,0.0012128496423346458
2017-09-07,2.5011180131845574,0.007707983192806744
2017-09-08,2.505829288666385,0.0018836678065536905
2017-09-11,2.508393925067456,0.0010234681239743026
2017-09-12,2.508088432533312,-0.00012178810157809083
2017-09-13,2.500864727453305,-0.002880163628325716
2017-09-14,2.502754393135712,0.0007556049160368783
2017-09-15,2.500264364746103,-0.0009949152008036366
2017-09-18,2.4950852168174538,-0.002071440125162638
2017-09-19,2.4838694448200336,-0.00449514586589006
2017-09-20,2.482647689162462,-0.0004918759559283115
2017-09-21,2.474664432054076,-0.0032156222339704277
2017-09-22,2.476866016954392,0.0008896498740594838
2017-09-25,2.476926787194732,2.4535134288294902e-05
2017-09-26,2.4739084942529477,-0.0012185636480611106
2017-09-27,2.467106355226574,-0.0027495515869626064
2017-09-28,2.467938959132676,0.0003374819672197771
2017-09-29,2.4737245485104333,0.002344300030739266
2017-10-02,2.4848778521970143,0.004508708818569462
2017-10-03,2.4863315799016537,0.0005850298449697755
2017-10-04,2.4920056272140076,0.0022820959835850307
2017-10-05,2.491618251882832,-0.0001554472136601759
2017-10-06,2.4884427485048035,-0.0012744742801705788
2017-10-09,2.48204382567621,-0.0025714567202472227
2017-10-10,2.48537457246504,0.0013419371384075784
2017-10-11,2.489185371772041,0.001533289729934384
2017-10-12,2.489001477897942,-7.387713112266825e-05
2017-10-13,2.490045327506812,0.0004193848891369534
2017-10-16,2.4825098045291036,-0.0030262593594043707
2017-10-17,2.4986839375070873,0.006515234279629301
2017-10-18,2.497323020395004,-0.0005446535640843408
2017-10-19,2.5062608615333835,0.0035789687859304475
2017-10-20,2.5024288537185297,-0.0015289740480203817
2017-10-23,2.500476476453043,-0.0007801929164081844
2017-10-24,2.4883393297480154,-0.0048539335679910756
2017-10-25,2.4845437381400446,-0.0015253512905552546
2017-10-26,2.4704731234463533,-0.005663259003129806
2017-10-27,2.474153323488307,0.0014896741871127661
2017-10-30,2.4653414663997624,-0.0035615646794762146
2017-10-31,2.462253848261884,-0.0012524099318330095
2017-11-01,2.466032148628908,0.0015344885620510729
2017-11-02,2.4620492988516696,-0.0016150842881154648
2017-11-03,2.4742101822819866,0.0049393338451787505
2017-11-06,2.4719323650906424,-0.0009206239662483129
2017-11-07,2.4749788471740475,0.0012324293845692447
2017-11-08,2.476353322634567,0.0005553483667501413
2017-11-09,2.4760387862552884,-0.00012701595382352826
2017-11-10,2.46172637316136,-0.00578036708204166
2017-11-13,2.4623569629163358,0.000256157533124024
2017-11-14,2.45910391610146,-0.0013211109777614416
2017-11-15,2.460020753394279,0.00037283389563808056
2017-11-16,2.4696976076983534,0.00393364742582869
2017-11-17,2.4664823369117546,-0.0013018884484385929
2017-11-20,2.4593465121317495,-0.002893118135579187
2017-11-21,2.470371588104351,0.0044829290700663105
2017-11-22,2.473877276020373,0.0014190933594376287
2017-11-24,2.475712437915366,0.0007418160604736879
2017-11-27,2.4775869351567605,0.000757154673009075
2017-11-28,2.4869018280924107,0.00375966340614442
2017-11-29,2.489111280795021,0.0008884358351631816
2017-11-30,2.494551393492577,0.002185564277310592
2017-12-01,2.496620256256476,0.0008293526320186095
2017-12-04,2.4807455984364104,-0.00635845911298849
2017-12-05,2.4795729615015514,-0.00047269536045851934
2017-12-06,2.481089363492191,0.000611557721504119
2017-12-07,2.479171880623946,-0.0007728390990102141
2017-12-08,2.4921296520895586,0.005226653128363068
2017-12-11,2.496559067638905,0.0017773616014050142
2017-12-12,2.500439205015708,0.0015541941014328153
2017-12-13,2.5098544169480466,0.003765423255823297
2017-12-14,2.4966805233419436,-0.005248867630387288
2017-12-15,2.5101808255602807,0.0054073006506520915
2017-12-18,2.507791762024582,-0.0009517495757164207
2017-12-19,2.5006099392916403,-0.002863803463148684
2017-12-20,2.492897220183141,-0.003084335140523309
2017-12-21,2.490935345545312,-0.000786985769788473
2017-12-22,2.487367088514859,-0.00143249684775415
2017-12-26,2.4881396056110456,0.0003105762312904936
2017-12-27,2.495568597770127,0.002985761788578345
2017-12-28,2.495833170492625,0.00010601701060586333
2017-12-29,2.4901957727389035,-0.0022587237882606415
2018-01-02,2.5000723639297666,0.003966190650143142
2018-01-03,2.513339753897228,0.0053068023785547425
2018-01-04,2.5145303359310303,0.0004737051693692318
2018-01-05,2.5236861511215443,0.003641163146725024
2018-01-08,2.5184983792425735,-0.002055632740491753
2018-01-09,2.5273324344051544,0.0035076675988323647
2018-01-10,2.524764508514569,-0.0010160617794588434
2018-01-11,2.5310543782222648,0.0024912698536769806
2018-01-12,2.539902209057632,0.003495709500157651
2018-01-16,2.546798895569891,0.0027153354517603923
2018-01-17,2.5562593196601298,0.0037146333409736054
2018-01-18,2.5525082168692754,-0.0014674187246986325
2018-01-19,2.5539771684116923,0.0005754933648042804
2018-01-22,2.5618597875300138,0.0030864093915230484
2018-01-23,2.5593764838079722,-0.0009693363134584687
2018-01-24,2.5606717486521613,0.0005060860926023869
2018-01-25,2.574459209627571,0.005384314089717623
2018-01-26,2.5983493777109663,0.009279684057162285
2018-01-29,2.591546698093025,-0.0026180773364412047
2018-01-30,2.5612899725966116,-0.011675161214990848
2018-01-31,2.5434627337697537,-0.006960257923777691
2018-02-01,2.5373355486326923,-0.002408993477950483
2018-02-02,2.514786221958466,-0.00888701011041998
2018-02-05,2.469405614870564,-0.018045512851808165
2018-02-06,2.4776934730264286,0.0033562158059236014
2018-02-07,2.472596364280901,-0.002057199084962602
2018-02-08,2.430782920686119,-0.016910743782858395
2018-02-09,2.445912894556745,0.006224321284253209
2018-02-12,2.457023731364564,0.004542613448150767
2018-02-13,2.459957070242743,0.0011938585861968054
2018-02-14,2.4664484335434,0.0026388116195932843
2018-02-15,2.4804874402367107,0.005691992787030142
2018-02-16,2.492334070256695,0.004775928242093275
2018-02-20,2.4772744937761653,-0.006042358711157325
2018-02-21,2.46849607771698,-0.00354357826766466
2018-02-22,2.468288739893617,-8.399358023480907e-05
2018-02-23,2.492709249882202,0.009893700681727124
2018-02-26,2.5099489793553826,0.006916061098580006
2018-02-27,2.4929507640886164,-0.006772334978351502
2018-02-28,2.475914892108849,-0.006833617504674316
2018-03-01,2.4615272522003733,-0.005811039771331239
2018-03-02,2.4694479449180293,0.0032177960697267194
2018-03-05,2.4790950594808217,0.0039065875361516955
2018-03-06,2.4772108599310445,-0.0007600352163066315
2018-03-07,2.4835301454170886,0.002550967940702531
2018-03-08,2.494444055777837,0.004394514953196205
2018-03-09,2.509746937386834,0.006134786456144903
2018-03-12,2.507334112461543,-0.0009613817589926299
2018-03-13,2.511021558800319,0.0014706641290641587
2018-03-14,2.507361251180405,-0.0014576966123949209
2018-03-15,2.5048280960310967,-0.00101028726838448
2018-03-16,2.503361116827232,-0.0005856606312382717
2018-03-19,2.481909793283286,-0.008569008841654069
2018-03-20,2.481255875330207,-0.0002634736987013331
2018-03-21,2.47679747887394,-0.0017968305891360448
2018-03-22,2.44626255867942,-0.012328387950557074
2018-03-23,2.4225247555992637,-0.009703702080520293
2018-03-26,2.4443086794355797,0.008992239929010548
2018-03-27,2.4368022274539918,-0.0030709918287902815
2018-03-28,2.443085049830764,0.002578306235109129
2018-03-29,2.4547988396598885,0.004794671323430144
2018-04-02,2.428154709686193,-0.010853895457025309
2018-04-03,2.4427357808018217,0.006005000858249732
2018-04-04,2.459414519761144,0.006827893172239641
2018-04-05,2.4554021611768193,-0.0016314283550355468
2018-04-06,2.4312445011627295,-0.009838575690799156
2018-04-09,2.4435030460795404,0.0050420864339016935
2018-04-10,2.4619638996482593,0.00755507696147073
2018-04-11,2.4531078844869625,-0.003597134451306161
2018-04-12,2.4569873615162305,0.0015814538992766636
2018-04-13,2.4574659055308534,0.00019476861058309591
2018-04-16,2.4666222921742675,0.0037259465625977817
2018-04-17,2.476909408495484,0.004170527589024919
2018-04-18,2.4731226964434265,-0.0015288052276234976
2018-04-19,2.459334664659879,-0.005575150720736999
2018-04-20,2.448676849178692,-0.004333617394304823
2018-04-23,2.4522443331739563,0.0014569027335971652
2018-04-24,2.4415689775944807,-0.004353300132070692
2018-04-25,2.444442263977595,0.0011768196637006456
2018-04-26,2.4634171901795714,0.00776247673409991
2018-04-27,2.4705159226686395,0.002881660693676791
2018-04-30,2.452926198580306,-0.007119858620191655
2018-05-01,2.450408970340454,-0.0010262144214974178
2018-05-02,2.4338124408210966,-0.006772963093198192
2018-05-03,2.425978736076386,-0.0032186969765296003
2018-05-04,2.4357585601250342,0.004031290094679618
2018-05-07,2.4333550256275562,-0.000986770420034866
2018-05-08,2.422142566561068,-0.004607818813285036
2018-05-09,2.426336567034016,0.0017315250269940297
2018-05-10,2.445083356035368,0.007726376157397241
2018-05-11,2.4634370773387206,0.007506378569077543
2018-05-14,2.468922761932911,0.0022268417751172276
2018-05-15,2.4461392120110044,-0.00922813393484595
2018-05-16,2.4504069863734053,0.0017446980701038561
2018-05-17,2.450117548509194,-0.00011811828231828025
2018-05-18,2.4579776730151384,0.00320806016459374
2018-05-21,2.4600135794045346,0.0008282851434117111
2018-05-22,2.457162526464684,-0.0011589582121495634
2018-05-23,2.4667618400519693,0.003906666117481583
2018-05-24,2.4650481776815916,-0.0006947011837760697
2018-05-25,2.468125050183377,0.0012481997429678593
2018-05-29,2.4687988610923868,0.00027300517409328817
2018-05-30,2.4820212454115325,0.005355796507980903
2018-05-31,2.4678622094422895,-0.005704639311778059
2018-06-01,2.4775281926988937,0.003916743495492314
2018-06-04,2.4777598351482575,9.349740198572043e-05
2018-06-05,2.4784131626638684,0.0002636766914788091
2018-06-06,2.4873746743717433,0.003615826385558296
2018-06-07,2.494267836518176,0.002771260082952254
2018-06-08,2.4997811637478793,0.00221039903934267
2018-06-11,2.5009040556485864,0.0004491960804376416
2018-06-12,2.49943114858319,-0.0005889498487834377
2018-06-13,2.4982482133573085,-0.0004732817811573531
2018-06-14,2.508641943295467,0.0041604072335913456
2018-06-15,2.5120693437008863,0.0013662373837681763
2018-06-18,2.500634321173365,-0.004552032990727373
2018-06-19,2.5071982567732234,0.0026249082259970358
2018-06-20,2.505807516125645,-0.0005546991123744349
2018-06-21,2.5019106799545843,-0.0015551219101958003
2018-06-22,2.5077780230543456,0.0023451449113552902
2018-06-25,2.497980957146663,-0.003906671889464197
2018-06-26,2.4947322205072977,-0.0013005449981798312
2018-06-27,2.4889317628990852,-0.0023250822515264447
2018-06-28,2.4893649906192605,0.00017406171058320652
2018-06-29,2.4909347585394177,0.000630589699008699
2018-07-02,2.4939627756555716,0.001215614783074248
2018-07-03,2.5001126085228917,0.0024658879945403944
2018-07-05,2.513194387092374,0.005232475739247233
2018-07-06,2.5323779113063973,0.00763312392887272
2018-07-09,2.5384435812708284,0.002395246751027702
2018-07-10,2.5422860610674824,0.0015137148704051917
2018-07-11,2.5348109030381534,-0.00294032923509413
2018-07-12,2.5484177938569403,0.005368010214283847
2018-07-13,2.5528699093272773,0.0017470116089556287
2018-07-16,2.543014681290495,-0.003860450546569194
2018-07-17,2.549295405678277,0.002469794780970147
2018-07-18,2.549320889350137,9.996358916519732e-06
2018-07-19,2.5456655917112285,-0.0014338319095796859
2018-07-20,2.5387087763560436,-0.0027328080238961383
2018-07-23,2.535133701077289,-0.0014082258319860763
2018-07-24,2.547524066884181,0.004887460492370321
2018-07-25,2.562909558785194,0.006039390206755091
2018-07-26,2.5579181395214516,-0.0019475596579803245
2018-07-27,2.5506933705927683,-0.0028244722991937476
2018-07-30,2.549789380415312,-0.000354409584420734
2018-07-31,2.56487182051866,0.005915170962431215
2018-08-01,2.56213022385949,-0.0010689020157801932
2018-08-02,2.568399749586937,0.002446997295087794
2018-08-03,2.5793149802123505,0.004249817664547462
2018-08-06,2.5822463783888536,0.0011365025981672217
2018-08-07,2.5797253258550885,-0.000976302089089609
2018-08-08,2.5828751128996625,0.0012209776804551487
2018-08-09,2.585000041653371,0.0008226989927216377
2018-08-10,2.5849793919429658,-7.988282426429905e-06
2018-08-13,2.585033908477388,2.108973657288793e-05
2018-08-14,2.589825361850227,0.0018535359853987243
2018-08-15,2.590834137498814,0.0003895149315654156
2018-08-16,2.6031324263922606,0.004746845317284254
2018-08-17,2.6076534851740916,0.0017367763299298566
2018-08-20,2.616017921122567,0.003207648560681786
2018-08-21,2.6142370908343437,-0.0006807408595499997
2018-08-22,2.6179428292441056,0.001417521931256438
2018-08-23,2.617386277405969,-0.00021259128805989347
2018-08-24,2.6240644911608078,0.002551481916325038
2018-08-27,2.625843946338767,0.000678129361512847
2018-08-28,2.6236135554013438,-0.0008493996532175085
2018-08-29,2.6317602564295886,0.003105145196201975
2018-08-30,2.6332094471196603,0.0005506545235384186
2018-08-31,2.6331825492880125,-1.0214847010081574e-05
2018-09-04,2.6196725461345314,-0.0051306747255840945
2018-09-05,2.6248116829088657,0.0019617477695513252
2018-09-06,2.627508695488406,0.0010275070768323014
2018-09-07,2.6235949644300645,-0.0014895216389053112
2018-09-10,2.6209660172553715,-0.001002040029171869
2018-09-11,2.615075775847464,-0.0022473551236943945
2018-09-12,2.6231412042701754,0.0030842044797334545
2018-09-13,2.6392840074608497,0.006153997033936154
2018-09-14,2.6324602198667955,-0.0025854692313387884
2018-09-17,2.627934044284855,-0.0017193709320967865
2018-09-18,2.630113186541357,0.0008292225831318389
2018-09-19,2.62607805361154,-0.0015342050488418857
2018-09-20,2.638974393881957,0.004910874698747625
2018-09-21,2.6412761521877397,0.0008722169912368516
2018-09-24,2.6425005889735234,0.0004635777235065808
2018-09-25,2.637134933304436,-0.0020305220333635687
2018-09-26,2.644391225108978,0.0027515815413546862
2018-09-27,2.6511165154634933,0.0025432282071795598
2018-09-28,2.6558248428966773,0.0017759790660731856
2018-10-01,2.659016822069701,0.001201878648571686
2018-10-02,2.660919894604286,0.0007157053384505563
2018-10-03,2.6485297353613744,-0.004656344322140682
2018-10-04,2.6321760396456173,-0.006174631720162915
2018-10-05,2.6274818751511435,-0.0017833778682620482
2018-10-08,2.6274520903393017,-1.1335877184659449e-05
2018-10-09,2.6321841695935406,0.001801014477728513
2018-10-10,2.601754975813452,-0.01156043491621922
2018-10-11,2.5719488110731534,-0.01145617670279625
2018-10-12,2.590199164803564,0.007095924169188805
2018-10-15,2.5820143898560466,-0.003159901778494345
2018-10-16,2.6172870647784796,0.01366091337872033
2018-10-17,2.6204067776411413,0.0011919643453117135
2018-10-18,2.607895151832549,-0.0047746883863027945
2018-10-19,2.594473344862883,-0.005146605284432004
2018-10-22,2.5841006345554782,-0.003998002264291145
2018-10-23,2.5804793108091992,-0.0014013865009176452
2018-10-24,2.5448267733656675,-0.013816246188911196
2018-10-25,2.5582729880964012,0.005283744603547413
2018-10-26,2.549523301357251,-0.0034201536661109255
2018-10-29,2.5526055740103235,0.0012089603775858326
2018-10-30,2.5635175728513424,0.004274847219688183
2018-10-31,2.562078116469786,-0.0005615160967887278
2018-11-01,2.5793510224386327,0.006741756177460534
2018-11-02,2.564126686633436,-0.005902390048021955
2018-11-05,2.5762428781964246,0.004725270255229508
2018-11-06,2.581406787181856,0.0020044340652565773
2018-11-07,2.6193389413424706,0.014694372986454152
2018-11-08,2.618206761373767,-0.0004322388182887993
2018-11-09,2.6195319425933445,0.0005061407827403053
2018-11-12,2.6056999065054893,-0.005280346409580972
2018-11-13,2.5976426977230864,-0.0030921476269339943
2018-11-14,2.5899420083204046,-0.002964491386529766
2018-11-15,2.602311326522033,0.00477590546888329
2018-11-16,2.619450073932706,0.006585971184923101
2018-11-19,2.6047432338618672,-0.0056144761899425966
2018-11-20,2.5923034433690697,-0.004775822173594402
2018-11-21,2.584703625824106,-0.0029316851637888885
2018-11-23,2.5873466473974025,0.0010225627212691046
2018-11-26,2.5988812999438764,0.004458100949896571
2018-11-27,2.613660107732441,0.005686603612440444
2018-11-28,2.644969569822324,0.011979163624702083
2018-11-29,2.6527405425009944,0.002938019691165028
2018-11-30,2.682314747710611,0.011148547977381074
2018-12-03,2.6788106206462867,-0.0013063817612438133
2018-12-04,2.655093438857197,-0.008853623920367926
2018-12-06,2.6534873181867455,-0.000604920582811197
2018-12-07,2.6235338648720625,-0.011288334829936741
2018-12-10,2.6293692330796596,0.0022242397118368284
2018-12-11,2.6300966324169117,0.0002766440437885209
2018-12-12,2.63775639265791,0.0029123493587987492
2018-12-13,2.6398196513653267,0.0007822021446556304
2018-12-14,2.5974360519762105,-0.016055490520799465
2018-12-17,2.5753948258989996,-0.008485762743010161
2018-12-18,2.5673444810266446,-0.003125868232473794
2018-12-19,2.555052839935858,-0.004787686725184315
2018-12-20,2.5354718747681364,-0.007663624353151655
2018-12-21,2.5208304876428747,-0.005774620208161607
2018-12-24,2.4938201589477447,-0.01071485323092325
2018-12-26,2.542304003612581,0.019441596255799665
2018-12-27,2.5595500040758004,0.006783610629851222
2018-12-28,2.5679937900043535,0.0032989337637895355
2018-12-31,2.5917959141647504,0.00926876235177998
2019-01-02,2.5749081566331498,-0.006515851591286592
2019-01-03,2.5589997665304605,-0.006178235935020815
2019-01-04,2.58683555285261,0.0108776040882137
2019-01-07,2.5882082057073954,0.0005306301180495465
2019-01-08,2.5950247227519143,0.0026336818767080383
2019-01-09,2.601593915824751,0.002531456835552004
2019-01-10,2.6034983395663587,0.0007320219078095214
2019-01-11,2.6116983094020942,0.0031495967218867493
2019-01-14,2.5965196266249424,-0.005811805568242179
2019-01-15,2.618595490131842,0.008502097685121168
2019-01-16,2.61547053886167,-0.0011933692248184968
2019-01-17,2.6246409348457704,0.003506212686338217
2019-01-18,2.6360927404693872,0.004363189444917259
2019-01-22,2.631608293722593,-0.0017011718434443712
2019-01-23,2.6324455045867654,0.00031813658064894224
2019-01-24,2.625610008572382,-0.002596633435515805
2019-01-25,2.6242084845000164,-0.0005337898879839154
2019-01-28,2.609683763995454,-0.005534895794428452
2019-01-29,2.6198355106424582,0.003890029430792752
2019-01-30,2.6407957094532297,0.008000578175853201
2019-01-31,2.663380696430415,0.008552341590202572
2019-02-01,2.6574302994985017,-0.0022341518581585618
2019-02-04,2.650687528126336,-0.0025373276482314466
2019-02-05,2.6510798713453263,0.00014801564304622872
2019-02-06,2.6581134321079634,0.0026530927410601812
2019-02-07,2.6478114497152467,-0.0038756744796050735
2019-02-08,2.6520935112678554,0.0016172078842959792
2019-02-11,2.6484430217301003,-0.0013764558158471107
2019-02-12,2.664800009824617,0.006176077023485049
2019-02-13,2.664405180797134,-0.00014816459998029385
2019-02-14,2.673744107701467,0.0035050700890543185
2019-02-15,2.6926343832618707,0.007065102268385415
2019-02-19,2.69176483441973,-0.0003229360983971197
2019-02-20,2.689909890968006,-0.0006891179452249152
2019-02-21,2.6741492888570413,-0.005859156161284407
2019-02-22,2.69036989569443,0.0060657072905312415
2019-02-25,2.69020151347957,-6.258701271144584e-05
2019-02-26,2.689405530468163,-0.0002958823000502875
2019-02-27,2.6783940279780056,-0.004094400180786495
2019-02-28,2.6709961516121563,-0.0027620567730410883
2019-03-01,2.685557234281576,0.005451555091395832
2019-03-04,2.6715036424419436,-0.005233026375396577
2019-03-05,2.6715465295212533,1.605353577993629e-05
2019-03-06,2.6557402713901186,-0.005916519872093462
2019-03-07,2.649758423193006,-0.0022524221444222836
2019-03-08,2.648848926365774,-0.00034323763980559363
2019-03-11,2.6629494461317478,0.005323263107088472
2019-03-12,2.6763564148019037,0.005034631314398741
2019-03-13,2.6902448273010147,0.005189298563636702
2019-03-14,2.686130422276364,-0.0015293794017917084
2019-03-15,2.696535822665625,0.003873750992493763
2019-03-18,2.6926868986946504,-0.0014273587388020648
2019-03-19,2.702489634707663,0.0036405034754558585
2019-03-20,2.702554320703418,2.393570540459855e-05
2019-03-21,2.707204461782951,0.001720646665234249
2019-03-22,2.6925695450948983,-0.005405914807932122
2019-03-25,2.6952449623725427,0.0009936297773694425
2019-03-26,2.703332364545544,0.0030006186027268233
2019-03-27,2.6960013324720835,-0.0027118500742296936
2019-03-28,2.6995559016692097,0.0013184597330545555
2019-03-29,2.7136368520149645,0.0052160247309746
2019-04-01,2.7063765778186393,-0.0026754774467829257
2019-04-02,2.7055882168623757,-0.00029129758316892573
2019-04-03,2.699602290342524,-0.0022124307322692327
2019-04-04,2.6982076563561037,-0.0005166072022568802
2019-04-05,2.7081480069447874,0.0036840569202550855
2019-04-08,2.705676384547138,-0.0009126614909195641
2019-04-09,2.704581660444181,-0.0004046027489501558
2019-04-10,2.708220696113387,0.001345507781269406
2019-04-11,2.688481664414883,-0.007288560982800063
2019-04-12,2.669943183366019,-0.00689552072987587
2019-04-15,2.677070107394199,0.002669316737742289
2019-04-16,2.6450368210169817,-0.011965800331018461
2019-04-17,2.6072536650370686,-0.014284548207304737
2019-04-18,2.6124828785170777,0.00200564047531393
2019-04-22,2.611382783883634,-0.0004210916146055177
2019-04-23,2.6343966731013593,0.008812912974596077
2019-04-24,2.6378898813368608,0.0013259993345606236
2019-04-25,2.6498763924834248,0.004543977074770611
2019-04-26,2.6666185986799325,0.006318108363091213
2019-04-29,2.661452281071798,-0.001937404025717071
2019-04-30,2.670237164968399,0.0033007857999479695
2019-05-01,2.6672368696158086,-0.0011236063193008627
2019-05-02,2.6691373072216362,0.0007125117485726196
2019-05-03,2.681053193823603,0.004464321325743481
2019-05-06,2.6913245575154434,0.0038310928390017374
2019-05-07,2.6700669751928037,-0.007898557705824982
2019-05-08,2.67040458754657,0.00012644340269485355
2019-05-09,2.6710866242307776,0.000255405749146842
2019-05-10,2.670657330566976,-0.00016071873517964352
2019-05-13,2.6522446498763053,-0.006894437740075754
2019-05-14,2.657689230476841,0.0020528199013579718
2019-05-15,2.665870681167918,0.0030784075870334826
2019-05-16,2.6737101230156863,0.002940668466459073
2019-05-17,2.6714710529794714,-0.0008374393382964973
2019-05-20,2.668613974886474,-0.0010694774662861617
2019-05-21,2.679639512141777,0.00413155943836796
2019-05-22,2.691325365820369,0.004360979760763328
2019-05-23,2.6948711188627494,0.001317474686417075
2019-05-24,2.69645243689246,0.0005867879983728619
2019-05-28,2.6830852338216977,-0.004957329448082914
2019-05-29,2.6696714930907066,-0.0049993718283354305
2019-05-30,2.6818286416984023,0.004553799461529007
2019-05-31,2.68114245486811,-0.0002558652777522319
2019-06-03,2.6908190557120255,0.003609133422338373
2019-06-04,2.70818902485633,0.006455272088040254
2019-06-05,2.71838979715869,0.0037666397023009557
2019-06-06,2.7251172167429654,0.0024747810602098186
2019-06-07,2.744722297319364,0.007194215520692437
2019-06-10,2.7420090738307814,-0.000988523863136359
2019-06-11,2.7397563764296953,-0.0008215499440120122
2019-06-12,2.7498994759959516,0.0037021903310521243
2019-06-13,2.7516542496492695,0.0006381228363566693
2019-06-14,2.7495024628147346,-0.0007819975328692275
2019-06-17,2.7554287389975376,0.0021553994815250443
2019-06-18,2.7697994756995326,0.005215426731458028
2019-06-19,2.786027958862513,0.005859082329012888
2019-06-20,2.7944347914754935,0.0030174975761594336
2019-06-21,2.795428838844645,0.0003557239453876315
2019-06-24,2.792970757983848,-0.0008793215647775465
2019-06-25,2.7894382807589455,-0.0012647741530428802
2019-06-26,2.7661651688819493,-0.008343296941728418
2019-06-27,2.7799819562684096,0.004994924938645062
2019-06-28,2.785280024415388,0.0019057922786270831
2019-07-01,2.790446507213975,0.001854924012414605
2019-07-02,2.802900012625278,0.004462907774475222
2019-07-03,2.8175521067784692,0.005227476573260836
2019-07-05,2.798910044914469,-0.006616403586344022
2019-07-08,2.7870558410415933,-0.004235292911401012
2019-07-09,2.787513287916887,0.0001641326551687361
2019-07-10,2.7930661752905843,0.001992057723192997
2019-07-11,2.7864758888880687,-0.002359516742144463
2019-07-12,2.772510407611103,-0.005011879461314317
2019-07-15,2.7784331395396977,0.002136234335617049
2019-07-16,2.768484332371101,-0.0035807257792228042
2019-07-17,2.7752595191040834,0.002447254858466197
2019-07-18,2.786505905813055,0.004052372987662589
2019-07-19,2.7695418391659112,-0.006087934933765693
2019-07-22,2.767306384267031,-0.0008071569337813056
2019-07-23,2.7736488726913255,0.002291935746743967
2019-07-24,2.7764280885920796,0.0010020071134877462
2019-07-25,2.76724600885459,-0.0033071556130761515
2019-07-26,2.771970157912181,0.0017071662737879745
2019-07-29,2.7789572072963313,0.0025206077216261003
2019-07-30,2.7735794363462687,-0.0019351758767436333
2019-07-31,2.763413096495682,-0.0036654222761253186
2019-08-01,2.78090423499066,0.006329541724021892
2019-08-02,2.7805876532002447,-0.00011384131335112624
2019-08-05,2.7599191135854477,-0.007433155214872977
2019-08-06,2.77998319365763,0.0072698072829087135
2019-08-07,2.780446726516155,0.0001667394463329419
2019-08-08,2.7990882516127105,0.006704507199788212
2019-08-09,2.798655795027949,-0.00015449908894882292
2019-08-12,2.7938911470806653,-0.0017024772949029154
2019-08-13,2.8071505907718888,0.00474586982570091
2019-08-14,2.777478125311955,-0.010570314808716674
2019-08-15,2.7911417302378347,0.004919428456109043
2019-08-16,2.804628257662668,0.00483190347474205
2019-08-19,2.811435891050192,0.0024272854589281745
2019-08-20,2.8056583375920607,-0.002055018745589554
2019-08-21,2.8123221227372746,0.0023751235337273746
2019-08-22,2.802288068351796,-0.0035678894335588462
2019-08-23,2.7793271505715724,-0.008193632210598711
2019-08-26,2.792543793166877,0.004755338928915331
2019-08-27,2.790311841462675,-0.0007992539668181253
2019-08-28,2.800971383547665,0.003820197415426607
2019-08-29,2.808877600794096,0.0028226697683776947
2019-08-30,2.810954346270758,0.0007393506488407864
2019-09-03,2.805819745262077,-0.0018266397728917139
2019-09-04,2.8089683823848515,0.0011221808272221523
2019-09-05,2.8115275660445485,0.0009110759935019863
2019-09-06,2.8162566149112753,0.0016820211631002335
2019-09-09,2.7946044568510597,-0.007688275970866243
2019-09-10,2.7884555377002638,-0.002200282453469038
2019-09-11,2.8009207053279477,0.004470276631329706
2019-09-12,2.7973295408743812,-0.0012821371368119672
2019-09-13,2.7837729467308296,-0.004846262817971125
2019-09-16,2.7867776643105358,0.0010793687693654852
2019-09-17,2.79255519624407,0.0020731944308027828
2019-09-18,2.79290389468295,0.00012486716085297056
2019-09-19,2.800097806909078,0.0025757822314700363
2019-09-20,2.815948403059464,0.005660729461405389
2019-09-23,2.8104611117236433,-0.001948647684687388
2019-09-24,2.8045784911351728,-0.0020931158107583836
2019-09-25,2.7885676228307577,-0.005708832309390732
2019-09-26,2.783830211314424,-0.0016988691533054157
2019-09-27,2.7796097276140843,-0.0015160708017272762
2019-09-30,2.7931685300185425,0.004877951846893547
2019-10-01,2.7834011773267795,-0.0034968719526916603
2019-10-02,2.7679484940359917,-0.005551726936333601
2019-10-03,2.7876067497340333,0.007102103142597627
2019-10-04,2.8121377285382065,0.008800014136324585
2019-10-07,2.802763145600694,-0.0033336144394270906
2019-10-08,2.779051807913866,-0.008459986254652274
2019-10-09,2.785598549240458,0.0023557464124810967
2019-10-10,2.7837809118784693,-0.0006525123164226598
2019-10-11,2.7858157898991887,0.0007309763537914904
2019-10-14,2.7890556429458813,0.0011629817945750798
2019-10-15,2.807784445351448,0.006715105327115389
2019-10-16,2.8087096796844957,0.00032952470214703267
2019-10-17,2.8186527853192254,0.003540097328908254
2019-10-18,2.8147111973026053,-0.0013983943099163398
2019-10-21,2.808022205097504,-0.0023764399742010056
2019-10-22,2.8143581514380847,0.002256373303985648
2019-10-23,2.8235938092927886,0.003281621370750054
2019-10-24,2.816162222404413,-0.002631960327975469
2019-10-25,2.8146714052976494,-0.0005293789877950927
2019-10-28,2.823896751317639,0.0032775925469048506
2019-10-29,2.8452063405425236,0.007546164432159719
2019-10-30,2.86010279247831,0.005235631498327842
2019-10-31,2.8675263636695405,0.0025955609745053065
2019-11-01,2.866637142796327,-0.0003101003305425176
2019-11-04,2.8549691046873202,-0.004070287771972769
2019-11-05,2.8371798317882067,-0.006230986132181648
2019-11-06,2.8461042269582424,0.0031455162165068273
2019-11-07,2.8378948966320503,-0.0028844095899347444
2019-11-08,2.846333454166299,0.0029735271536178165
2019-11-11,2.8420488140553766,-0.001505319099085467
2019-11-12,2.8512418853104755,0.0032346633912950784
2019-11-13,2.8567607767925143,0.0019356097111480342
2019-11-14,2.864135260974775,0.0025814146715290587
2019-11-15,2.8934402249741544,0.010231696944859314
2019-11-18,2.8910141227082384,-0.0008384836309993093
2019-11-19,2.903562006256835,0.004340305171820491
2019-11-20,2.9069665425553404,0.0011725378315217139
2019-11-21,2.9070530481991446,2.9758045900440955e-05
2019-11-22,2.911989226066419,0.001698000616236539
2019-11-25,2.9296811962760003,0.006075561698928422
2019-11-26,2.9312564747941043,0.0005376962244583727
2019-11-27,2.934983830762458,0.0012715898456533425
2019-11-29,2.928656661856793,-0.002155776409855481
2019-12-02,2.9169239080325204,-0.004006189587561271
2019-12-03,2.9266902988829298,0.0033481815632952494
2019-12-04,2.934694583162472,0.002734926986499908
2019-12-05,2.931275516809586,-0.0011650501461045737
2019-12-06,2.936495639879957,0.0017808367178165918
2019-12-09,2.9274509912982025,-0.003080082414876062
2019-12-10,2.9289665941461407,0.0005177209977018093
2019-12-11,2.9363584689974545,0.0025237142909334542
2019-12-12,2.938410830032667,0.0006989477125770582
2019-12-13,2.9460340525786863,0.0025943351651527835
2019-12-16,2.9550592957888604,0.0030635230445738015
2019-12-17,2.95359883753541,-0.000494222994283644
2019-12-18,2.9516247875410793,-0.0006683541343677768
2019-12-19,2.9585638210123952,0.00235091990709857
2019-12-20,2.9690365697516676,0.0035398082897154515
2019-12-23,2.9736169392652436,0.001542712393724055
2019-12-24,2.9743071729870554,0.0002321192459923127
2019-12-26,2.975451693908744,0.0003848025288319956
2019-12-27,2.9780399221536236,0.0008698606165169487
2019-12-30,2.9681580326282364,-0.0033182528722585647
2019-12-31,2.9657109183670003,-0.0008244555156213806
2020-01-02,2.9765035380253138,0.003639134074556405
2020-01-03,2.973479232928461,-0.0010160596344725992
2020-01-06,2.981131588920421,0.0025735360473404523
2020-01-07,2.9760630255052325,-0.0017002145876505725
2020-01-08,2.9822431740479023,0.002076618838279143
2020-01-09,2.9897302413678233,0.0025105488999270786
2020-01-10,2.9933978300593527,0.0012267289673102422
2020-01-13,2.986408379823577,-0.002334955335902389
2020-01-14,2.9984021512164687,0.004016118985575634
2020-01-15,3.0151183654671447,0.005575040774265294
2020-01-16,3.0198431852926304,0.0015670428994098984
2020-01-17,3.018623152724378,-0.00040400527225870064
2020-01-21,3.02617969069888,0.002503306173770703
2020-01-22,3.028330653826394,0.0007107849986982551
2020-01-23,3.0244618117107764,-0.001277549434943348
2020-01-24,3.004608177551098,-0.006564352733039958
2020-01-27,3.0033258337838276,-0.00042679234412362765
2020-01-28,3.0056697507512284,0.0007804404507279483
2020-01-29,3.0087441626872975,0.001022870837789236
2020-01-30,2.9992800708789926,-0.0031455289305328815
2020-01-31,2.9768668649826147,-0.007472861942435793
2020-02-03,2.9891115845352565,0.004113290955896742
2020-02-04,3.0067363430279253,0.0058963200249377845
2020-02-05,3.0291702177577133,0.007461204498960594
2020-02-06,3.03155896822923,0.0007885824499110905
2020-02-07,3.026998330277469,-0.0015043870165669104
2020-02-10,3.03801706213133,0.0036401512824258964
2020-02-11,3.043494552671972,0.0018029821520487155
2020-02-12,3.04149457553935,-0.0006571318259355197
2020-02-13,3.035699291010758,-0.001905406827025058
2020-02-14,3.0406290350148866,0.0016239236932084067
2020-02-18,3.037631900556087,-0.0009856955334853201
2020-02-19,3.044404593251946,0.002229596250493515
2020-02-20,3.0390286280992234,-0.0017658510845235398
2020-02-21,3.0460530165581283,0.0023113926581528332
2020-02-24,3.009913042669697,-0.011864525565371542
2020-02-25,2.968422930455477,-0.013784488663307004
2020-02-26,2.9674987628201084,-0.00031133287170331814
2020-02-27,2.9242834295655973,-0.014562881641588976
2020-02-28,2.9218181735425417,-0.0008430290983872935
2020-03-02,2.9892823321239907,0.023089786760978503
2020-03-03,2.969496404131694,-0.0066189559211821125
2020-03-04,3.0518285228593274,0.027725953334403253
2020-03-05,3.0299857136044244,-0.007157285899680288
2020-03-06,3.0372983089141994,0.0024134091711858208
2020-03-09,2.971980241702396,-0.02150531840092912
2020-03-10,2.9956872771612333,0.007976848273142434
2020-03-11,2.92350576302892,-0.024095143268997532
2020-03-12,2.8151194078378685,-0.03707410348278456
2020-03-13,2.9035669845101797,0.03141876555078105
2020-03-16,2.7987573243357855,-0.036096863180194616
2020-03-17,2.851517640195048,0.01885133641295028
2020-03-18,2.7844482528560635,-0.02352059352310254
2020-03-19,2.7604996603845144,-0.008600839483005052
2020-03-20,2.7426364285053904,-0.006471013974562789
2020-03-23,2.687641337699457,-0.020051907075376796
2020-03-24,2.7820513445741395,0.03512745750349805
2020-03-25,2.801383373506822,0.006948839736687695
2020-03-26,2.897821630550155,0.034425226463241976
2020-03-27,2.877529019240897,-0.007002712346172224
2020-03-30,2.9482348624372734,0.024571722030809928
2020-03-31,2.9444474915274492,-0.0012846232022007964
2020-04-01,2.894431192337248,-0.016986650070725196
2020-04-02,2.9347511246572116,0.013930174753059243
2020-04-03,2.9225968691226965,-0.00414149446349904
2020-04-06,2.992624797075407,0.02396085778800272
2020-04-07,2.9736799703322383,-0.006330505167798817
2020-04-08,3.033061210700417,0.019968941164016485
2020-04-09,3.0446895712663675,0.0038338694006327945
2020-04-13,3.0280934218371502,-0.0054508510771805185
2020-04-14,3.0803539501625146,0.017258558784377764
2020-04-15,3.0861871774716794,0.0018936873500711715
2020-04-16,3.1215313395889313,0.01145237151370937
2020-04-17,3.149846590625457,0.009070948824833613
2020-04-20,3.1414846023133607,-0.002654728753134661
2020-04-21,3.0980989119621145,-0.013810569155518815
2020-04-22,3.116940437106406,0.006081640928745635
2020-04-23,3.126512925798475,0.003071116976799071
2020-04-24,3.1479063069257616,0.006842569224889017
2020-04-27,3.1597749163837454,0.0037703185230994474
2020-04-28,3.134783739643157,-0.007909163596117708
2020-04-29,3.144406611135824,0.0030697082452528224
2020-04-30,3.1334497806259165,-0.003484546327788718
2020-05-01,3.105767425289436,-0.00883446593197068
2020-05-04,3.1052288483792854,-0.00017341186135344522
2020-05-05,3.1377428592480574,0.010470729358881936
2020-05-06,3.116392342771311,-0.006804418792259792
2020-05-07,3.125749168185294,0.0030024542435058144
2020-05-08,3.1286818020207656,0.000938217904789207
2020-05-11,3.1512137848654094,0.007201749577119276
2020-05-12,3.1324190227218707,-0.005964292944453831
2020-05-13,3.118652721142596,-0.004394782907209127
2020-05-14,3.138181370299774,0.0062618864308889854
2020-05-15,3.150388491182302,0.0038898710565483108
2020-05-18,3.153720611985526,0.0010576856830675219
2020-05-19,3.139143836026636,-0.004622088558983772
2020-05-20,3.141414315170662,0.0007232797420648751
2020-05-21,3.1308423370183056,-0.003365356203192227
2020-05-22,3.137108966329848,0.0020015793313663544
2020-05-26,3.1301561667250275,-0.0022163079699953903
2020-05-27,3.1476546586340164,0.005590293575447047
2020-05-28,3.1667523021518775,0.006067261370454491
2020-05-29,3.1909680590603617,0.007646874336217913
2020-06-01,3.174540123946392,-0.005148260593622778
2020-06-02,3.181115692228903,0.0020713451478874267
2020-06-03,3.168594379894131,-0.003936138621226437
2020-06-04,3.149767783505929,-0.0059416239919075076
2020-06-05,3.167345615802326,0.005580675625817766
2020-06-08,3.1799595192249397,0.003982484058475011
2020-06-09,3.169137690652018,-0.003403134067429592
2020-06-10,3.1785240392368737,0.0029617989185329874
2020-06-11,3.0957827202062704,-0.026031364875399365
2020-06-12,3.102403874646693,0.002138765875655979
2020-06-15,3.104622947553291,0.0007152753143240265
2020-06-16,3.1396674901875268,0.011287857890071307
2020-06-17,3.1405653349820493,0.0002859681151995974
2020-06-18,3.1387311552647224,-0.00058402851769912
2020-06-19,3.154344824694835,0.004974516343626112
2020-06-22,3.1468651309377056,-0.0023712352874588616
2020-06-23,3.1531162087159554,0.001986446040153911
2020-06-24,3.1149502426472107,-0.012104205345570551
2020-06-25,3.1305020028616255,0.004992619144117971
2020-06-26,3.1157199818084385,-0.00472193310838781
2020-06-29,3.131311659204587,0.005004197260082166
2020-06-30,3.155224395768006,0.007636651718498477
2020-07-01,3.1649013741026604,0.0030669699269673667
2020-07-02,3.178780480921594,0.004385320481864463
2020-07-06,3.1925429292507057,0.004329474278488732
2020-07-07,3.1838219946016197,-0.002731657754444894
2020-07-08,3.1814979939562815,-0.0007299405083822097
2020-07-09,3.1740878117411855,-0.0023291487937986965
2020-07-10,3.1671955927637288,-0.002171401481698809
2020-07-13,3.177846987945151,0.0033630367526900073
2020-07-14,3.2092509501048894,0.009882150487064423
2020-07-15,3.2295416893198237,0.00632257792562807
2020-07-16,3.228109874202091,-0.0004433493218147233
2020-07-17,3.2498091898409904,0.006721987938611562
2020-07-20,3.250566385494522,0.00023299695745182536
2020-07-21,3.251222284146108,0.00020177980505586834
2020-07-22,3.266350476749125,0.004653078528892518
2020-07-23,3.260610016425669,-0.0017574538814246199
2020-07-24,3.2418621261979665,-0.005749810659127552
2020-07-27,3.2515287102932833,0.002981799878902902
2020-07-28,3.25354555166598,0.0006202748160618055
2020-07-29,3.2727433278056512,0.0059005708802329915
2020-07-30,3.2636830543815236,-0.0027684032985875184
2020-07-31,3.2547036326994676,-0.0027513154716420907
2020-08-03,3.2707166247845803,0.004919953978061886
2020-08-04,3.269107997093707,-0.0004918272890667152
2020-08-05,3.271207852784868,0.0006423329217105644
2020-08-06,3.2643320828464266,-0.0021019055492264016
2020-08-07,3.2661073062242916,0.0005438243820820032
2020-08-10,3.258850568235388,-0.0022218308550591703
2020-08-11,3.2429648360009447,-0.00487464273117777
2020-08-12,3.2654144787396557,0.00692256742641556
2020-08-13,3.2599249912523347,-0.0016810997571861108
2020-08-14,3.257532234212443,-0.0007339914403896586
2020-08-17,3.269822429569329,0.0037728545638957556
2020-08-18,3.2721893105819793,0.000723856130916023
2020-08-19,3.264708466812151,-0.002286189171768205
2020-08-20,3.264219028185075,-0.00014991801934266524
2020-08-21,3.2671058316651793,0.0008843779952195652
2020-08-24,3.2573373857746493,-0.0029899386165740394
2020-08-25,3.264493158263306,0.0021968164918705346
2020-08-26,3.261840388161954,-0.0008126131600665887
2020-08-27,3.2688872296249483,0.002160388193294005
2020-08-28,3.2752241784721665,0.0019385645334560886
2020-08-31,3.2809208308610325,0.0017393167851867952
2020-09-01,3.271599294931397,-0.002841134062716577
2020-09-02,3.3066623971052818,0.010717419528793681
2020-09-03,3.2638108405642794,-0.012959156815801787
2020-09-04,3.2430763934775952,-0.00635283357386579
2020-09-08,3.2198540349116955,-0.00716059560379273
2020-09-09,3.247554684957994,0.008603076333880577
2020-09-10,3.2246933605911905,-0.007039550241506987
2020-09-11,3.23355401133404,0.002747749863951432
2020-09-14,3.2552836063451602,0.006720034653806495
2020-09-15,3.2566301288114907,0.00041364213664996097
2020-09-16,3.252935509931815,-0.0011344914017067387
2020-09-17,3.2481015499893635,-0.0014860300573720786
2020-09-18,3.2441772777336206,-0.0012081741273624047
2020-09-21,3.217143268704958,-0.008333086238600518
2020-09-22,3.213713342445113,-0.0010661403529055313
2020-09-23,3.1971702495170415,-0.005147656671669665
2020-09-24,3.189956182082616,-0.002256391393456514
2020-09-25,3.2169059602617636,0.008448322372112571
2020-09-28,3.231162219586905,0.004431668037937042
2020-09-29,3.230332990374778,-0.0002566349677835533
2020-09-30,3.2517949501864214,0.00664388466315774
2020-10-01,3.247167089983743,-0.001423170978973709
2020-10-02,3.2307408481518562,-0.0050586376914680264
2020-10-05,3.253707895972032,0.007108910587277195
2020-10-06,3.2358960255304727,-0.005474329906384523
2020-10-07,3.261764743825203,0.007994298361452934
2020-10-08,3.272668857026826,0.0033430103204914463
2020-10-09,3.2866391786090485,0.00426878556693161
2020-10-12,3.2996267773531414,0.003951635101480666
2020-10-13,3.290751740527616,-0.002689709298772547
2020-10-14,3.281719936182564,-0.0027446021630315176
2020-10-15,3.268073981684626,-0.004158171557385182
2020-10-16,3.283339732539311,0.004671176644176156
2020-10-19,3.25461960782741,-0.008747229056826566
2020-10-20,3.253269393872359,-0.0004148607572459495
2020-10-21,3.2430085212749047,-0.0031540187285999943
2020-10-22,3.2618801335991305,0.005819168281681442
2020-10-23,3.270258971520692,0.0025687142317875056
2020-10-26,3.2564074551632394,-0.004235602280455386
2020-10-27,3.2489017802491533,-0.0023048942791803473
2020-10-28,3.197222569176703,-0.01590667079768937
2020-10-29,3.1773847109657214,-0.00620471605643963
2020-10-30,3.1717721916936403,-0.0017663958829761128
2020-11-02,3.203042679947122,0.009858995654030256
2020-11-03,3.2228120000920324,0.006172043934561833
2020-11-04,3.3079005876367567,0.026401970559342236
2020-11-05,3.3109440937757038,0.0009200718275276243
2020-11-06,3.3059335965463874,-0.0015133137520309536
2020-11-09,3.30921364557442,0.0009921702696809587
2020-11-10,3.3092825971680613,2.0836247225597404e-05
2020-11-11,3.3098367813981984,0.00016746355557883952
2020-11-12,3.3131513138126545,0.0010014186902159716
2020-11-13,3.3318920913467895,0.005656481023370186
2020-11-16,3.327819253503979,-0.001222379876403612
2020-11-17,3.3212694692585765,-0.001968191102478367
2020-11-18,3.2898034278345656,-0.009474100706148125
2020-11-19,3.290377226526674,0.0001744173184495823
2020-11-20,3.2894781502765817,-0.00027324412618828786
2020-11-23,3.281969495665917,-0.0022826279025545126
2020-11-24,3.284216032475607,0.0006845087416738616
2020-11-25,3.278727711047106,-0.0016711207101574033
2020-11-27,3.298759065125763,0.006109489974164273
2020-11-30,3.3021848414831827,0.0010385045678650284
2020-12-01,3.307243711547897,0.0015319766480553776
2020-12-02,3.316883418589397,0.0029147253369448123
2020-12-03,3.3192432365644144,0.0007114564117001732
2020-12-04,3.3304684634183466,0.003381863290486231
2020-12-07,3.325421652390727,-0.001515345688768266
2020-12-08,3.3397250694633733,0.0043012341193976456
2020-12-09,3.3315769059116493,-0.0024397707542535008
2020-12-10,3.332517898814342,0.0002824466999464814
2020-12-11,3.329314089710577,-0.0009613779133503808
2020-12-14,3.315823241909425,-0.004052140302065799
2020-12-15,3.3321159593226617,0.004913626639475255
2020-12-16,3.3258191015477547,-0.0018897474913168733
2020-12-17,3.342474973482371,0.0050080510773615194
2020-12-18,3.3424104022191345,-1.9318398417011995e-05
2020-12-21,3.3268068481473043,-0.00466835373102914
2020-12-22,3.3245104852309018,-0.0006902603671389285
2020-12-23,3.322241511729334,-0.0006824985247144699
2020-12-24,3.3293840782969504,0.002149923942133425
2020-12-28,3.3337049276227044,0.0012977923916680512
2020-12-29,3.341332174040884,0.0022879188721775523
2020-12-30,3.3421499739777847,0.0002447526598087224
2020-12-31,3.3608307829583626,0.0055894586197591245
2021-01-04,3.3539926937845284,-0.0020346425081880226
2021-01-05,3.362253212894775,0.002462891205921469
2021-01-06,3.3754739064755777,0.003932093374198975
2021-01-07,3.391468260049419,0.004738402374599049
2021-01-08,3.394734512482114,0.0009630791687395557
2021-01-11,3.3993856846978994,0.0013701136859697316
2021-01-12,3.3806499411528335,-0.005511508632104811
2021-01-13,3.39116037815461,0.0031089989158098463
2021-01-14,3.381930645269955,-0.002721703445260737
2021-01-15,3.3917315379888846,0.0028980170639033576
2021-01-19,3.4054921659017916,0.004057109991985497
2021-01-20,3.415602771861886,0.0029689118246488677
2021-01-21,3.405083210774998,-0.003079854944945337
2021-01-22,3.4026193388873747,-0.0007235863957236188
2021-01-25,3.4206459799253577,0.005297871798929377
2021-01-26,3.4137133592785465,-0.0020266992513976456
2021-01-27,3.36390189172867,-0.014591578819729611
2021-01-28,3.3840915170016124,0.006001847236563385
2021-01-29,3.3668082775397643,-0.00510720214716931
2021-02-01,3.3753484881610816,0.002536589528512878
2021-02-02,3.37590695457977,0.00016545444733995218
2021-02-03,3.3598205691865037,-0.004765055912291483
2021-02-04,3.3662641620070364,0.001917838374950187
2021-02-05,3.3657628059715963,-0.00014893544039074058
2021-02-08,3.368513456937823,0.0008172444479290775
2021-02-09,3.3722717268831803,0.0011157057833975914
2021-02-10,3.379611977482093,0.0021766486195040624
2021-02-11,3.3815264562777627,0.0005664788763992679
2021-02-12,3.3885825830037968,0.002086669087841775
2021-02-16,3.3595982689840076,-0.00855352151225891
2021-02-17,3.3668231283234724,0.002150512877139299
2021-02-18,3.3561344582247363,-0.0031747049641002723
2021-02-19,3.329108652038469,-0.00805265895114421
2021-02-22,3.322466383652496,-0.0019952092527547594
2021-02-23,3.3209860475016786,-0.0004455533871166595
2021-02-24,3.3302164713346185,0.0027794226476451356
2021-02-25,3.2913314461790946,-0.011676425688910308
2021-02-26,3.291908195722792,0.0001752328968165351
2021-03-01,3.3115440220689285,0.005964876654716567
2021-03-02,3.3097636297688906,-0.0005376320798314294
2021-03-03,3.2799515362690665,-0.00900731799445914
2021-03-04,3.249784303344913,-0.009197463008391915
2021-03-05,3.2800713397360868,0.00931970665253079
2021-03-08,3.2695585262340767,-0.0032050563579680835
2021-03-09,3.286874613562672,0.005296154569387701
2021-03-10,3.2940869915020503,0.0021942966457004776
2021-03-11,3.3035117248211554,0.002861106383473977
2021-03-12,3.295170999327417,-0.002524805778974515
2021-03-15,3.308554063291289,0.0040614171363501095
2021-03-16,3.307260939402988,-0.00039084260482497024
2021-03-17,3.298481647860569,-0.0026545506094852733
2021-03-18,3.2847485616183656,-0.004163456919977271
2021-03-19,3.2896043024701704,0.0014782686591428562
2021-03-22,3.309303291541881,0.005988254896468481
2021-03-23,3.3007374765482633,-0.002588404337405703
2021-03-24,3.3010364953927915,9.059152587942432e-05
2021-03-25,3.305793585452257,0.0014410898110653325
2021-03-26,3.3315126411907388,0.007779994447222327
2021-03-29,3.3336227397546896,0.0006333755237370453
2021-03-30,3.3171215193018364,-0.00494993637284441
2021-03-31,3.318049461525164,0.0002797432104696962
2021-04-01,3.320425100152236,0.0007159744466195828
2021-04-05,3.3272926938167555,0.0020682874804809903
2021-04-06,3.3289994975430695,0.0005129707192533806
2021-04-07,3.324266890758506,-0.0014216303691413912
2021-04-08,3.332545105562786,0.002490237720471189
2021-04-09,3.3464383535212723,0.004168960214610329
2021-04-12,3.347109284024788,0.00020049091978918687
2021-04-13,3.360982390043359,0.004144802228234545
2021-04-14,3.358777409184256,-0.0006560524879971608
2021-04-15,3.398300399132374,0.011767076270087329
2021-04-16,3.406386755460177,0.0023795295818660467
2021-04-19,3.4050181901870857,-0.0004017645004336101
2021-04-20,3.4166740212858513,0.003423133283797508
2021-04-21,3.4377365279072754,0.00616462281452812
2021-04-22,3.431426959396192,-0.0018353845502303567
2021-04-23,3.4404926179454045,0.002641950027346074
2021-04-26,3.4328485325478897,-0.00222179967997721
2021-04-27,3.4162091263538956,-0.0048471134208896705
2021-04-28,3.413301491560999,-0.0008511290396321924
2021-04-29,3.4034647175659503,-0.0028818942655283175
2021-04-30,3.3999251015237983,-0.0010400037420347785
2021-05-03,3.422154755406506,0.006538277526391578
2021-05-04,3.4262172088815173,0.0011871039638382541
2021-05-05,3.4313849322088266,0.0015082882993855407
2021-05-06,3.4343644550276102,0.0008683149450288141
2021-05-07,3.446810810179594,0.0036240635829326573
2021-05-10,3.4455709991519403,-0.00035969802113644533
2021-05-11,3.424122823010816,-0.0062248539201204545
2021-05-12,3.3997075539306754,-0.0071303718768686575
2021-05-13,3.4207577552193746,0.006191768249113494
2021-05-14,3.433146268121178,0.0036215697773104294
2021-05-17,3.4282931107858534,-0.001413617992448768
2021-05-18,3.428849831499036,0.0001623900568568093
2021-05-19,3.4208173041882524,-0.0023426302420691547
2021-05-20,3.445818875271076,0.007308654295046124
2021-05-21,3.4466996696921126,0.0002556125127054498
2021-05-24,3.450022469593778,0.0009640526358835055
2021-05-25,3.4512328813829987,0.00035084171186972046
2021-05-26,3.4392667207381185,-0.003467213328149865
2021-05-27,3.432503294495345,-0.0019665314707902892
2021-05-28,3.4390451499746595,0.0019058555573144842
2021-06-01,3.410486584989023,-0.00830421344885418
2021-06-02,3.409059785663101,-0.00041835652783450694
2021-06-03,3.4099379878971163,0.0002576083404898233
2021-06-04,3.424812455786649,0.004362093370121833
2021-06-07,3.4296405397733376,0.0014097367517251769
2021-06-08,3.4292573257725794,-0.00011173590827201485
2021-06-09,3.451187794636518,0.006395107389323251
2021-06-10,3.4868429675024375,0.010331275777380577
2021-06-11,3.4719138039674737,-0.0042815703701326036
2021-06-14,3.4680416610200693,-0.0011152762326586685
2021-06-15,3.468898907386703,0.00024718456420769197
2021-06-16,3.4503356692985383,-0.005351334410073405
2021-06-17,3.4697066391167413,0.00561422762155217
2021-06-18,3.459702440750375,-0.002883298044157656
2021-06-21,3.474947453928576,0.004406452126817617
2021-06-22,3.4818767455336803,0.001994070902358702
2021-06-23,3.4711640120444986,-0.0030767124376023802
2021-06-24,3.4797855206455344,0.002483751436440529
2021-06-25,3.4840837121694253,0.0012351886340092322
2021-06-28,3.492176350166124,0.0023227449927313293
2021-06-29,3.4950263127994896,0.0008160992881215412
2021-06-30,3.4966453335947105,0.00046323565270217637
2021-07-01,3.5109349726666403,0.004086670997095199
2021-07-02,3.5341821601039394,0.006621366564258047
2021-07-06,3.5418408442396663,0.0021670315192530154
2021-07-07,3.55820814805005,0.004621129104940835
2021-07-08,3.552988389611676,-0.0014669626455760532
2021-07-09,3.550123271072161,-0.0008063968201787453
2021-07-12,3.552656294119,0.0007135028429797741
2021-07-13,3.5455073414756497,-0.002012283781908375
2021-07-14,3.551498398313606,0.0016897600994568163
2021-07-15,3.552759562783426,0.0003551077118375545
2021-07-16,3.557302578181372,0.0012787286383057483
2021-07-19,3.553841538179881,-0.0009729394465119445
2021-07-20,3.57322296781045,0.005453656113349026
2021-07-21,3.565822886883958,-0.002070982133820287
2021-07-22,3.583059957904209,0.0048339672403959755
2021-07-23,3.600986853578993,0.005003236307904335
2021-07-26,3.5881190801929597,-0.003573401933762821
2021-07-27,3.604154261768465,0.004468965833386629
2021-07-28,3.612139852731978,0.0022156629221509183
2021-07-29,3.611005604912763,-0.0003140099402177965
2021-07-30,3.617722318826368,0.0018600674295455866
2021-08-02,3.6281203381102913,0.002874189439530217
2021-08-03,3.6538052259063165,0.007079392468388512
2021-08-04,3.645579891747803,-0.0022511693015802026
2021-08-05,3.631441388155409,-0.0038782591555319157
2021-08-06,3.6192983617052286,-0.0033438585818256206
2021-08-09,3.622375470074463,0.0008501947233178209
2021-08-10,3.614755101248239,-0.0021036938023620833
2021-08-11,3.5988520541483053,-0.004399481197064181
2021-08-12,3.6111989280658277,0.003430781185709053
2021-08-13,3.632856250057084,0.005997266398961809
2021-08-16,3.6575367292933794,0.006793684510888132
2021-08-17,3.6782437451595995,0.00566146491445374
2021-08-18,3.649343082148624,-0.007857190826194682
2021-08-19,3.6616455835209996,0.003371155053235597
2021-08-20,3.6703498601878284,0.002377148871535062
2021-08-23,3.671493097950187,0.00031147923383523235
2021-08-24,3.6600237347875897,-0.0031238961524945874
2021-08-25,3.6478539130138374,-0.0033250663535541736
2021-08-26,3.640709966939863,-0.0019583969765039067
2021-08-27,3.644606739408593,0.0010703331229665047
2021-08-30,3.6584715558154097,0.0038042009462635473
2021-08-31,3.6526106677205927,-0.0016020045544704598
2021-09-01,3.6539307297192027,0.00036140232800485617
2021-09-02,3.675701928318157,0.005958295383620471
2021-09-03,3.6733303655479843,-0.0006451999689914834
2021-09-07,3.655372741747006,-0.004888649267542733
2021-09-08,3.6595854043352465,0.0011524577343724474
2021-09-09,3.6436276018745968,-0.0043605492692547765
2021-09-10,3.621204776477275,-0.006153983844502997
2021-09-13,3.612227212738456,-0.0024791648893031093
2021-09-14,3.618749300785537,0.0018055586381943711
2021-09-15,3.627423538189406,0.0023970263433241157
2021-09-16,3.6170689842602655,-0.0028545202456036756
2021-09-17,3.613575262406222,-0.0009658985961413791
2021-09-20,3.603872001478833,-0.0026852245277237397
2021-09-21,3.6055434783799645,0.000463800296027439
2021-09-22,3.610258283212357,0.0013076544106772614
2021-09-23,3.606953184859706,-0.0009154742108119507
2021-09-24,3.5941656861270883,-0.0035452355706455108
2021-09-27,3.563752812211429,-0.008461733979890973
2021-09-28,3.526416175562739,-0.010476775078437972
2021-09-29,3.542183905923114,0.004471318634947985
2021-09-30,3.522625937602439,-0.005521443504943657
2021-10-01,3.5302308966032596,0.0021588891740224048
2021-10-04,3.501199518505528,-0.008223648522725613
2021-10-05,3.5062128378907773,0.0014318862317761472
2021-10-06,3.5034731083159034,-0.0007813928308247897
2021-10-07,3.5197088020148386,0.004634171063108095
2021-10-08,3.5070441495638542,-0.0035982102961854556
2021-10-11,3.4890776353898625,-0.005122979183545928
2021-10-12,3.4885755069744655,-0.00014391437161043186
2021-10-13,3.4947052728014483,0.0017570970772247119
2021-10-14,3.5238644331043805,0.008343811001709334
2021-10-15,3.5238613533297296,-8.739764849607923e-07
2021-10-18,3.5094227569007703,-0.004097379261336853
2021-10-19,3.526190772998032,0.004777998337273437
2021-10-20,3.55061108220343,0.006925407834538488
2021-10-21,3.5531418024563015,0.0007127562535803045
2021-10-22,3.564855110404164,0.0032966058207317683
2021-10-25,3.5692096435211145,0.0012215175602063866
2021-10-26,3.5801989424472866,0.0030789166296578685
2021-10-27,3.5760397060796953,-0.0011617333099228078
2021-10-28,3.586335468637377,0.002879096263997849
2021-10-29,3.604572137233749,0.0050850425889747974
2021-11-01,3.602275452775908,-0.0006371586891318337
2021-11-02,3.6179980751245244,0.004364636340205785
2021-11-03,3.6229519140022406,0.0013692209821160595
2021-11-04,3.6203114242904464,-0.0007288227319797169
2021-11-05,3.610011853719698,-0.00284494049369427
2021-11-08,3.612945118277914,0.0008125359907595331
2021-11-09,3.6146319939036284,0.0004668976611851283
2021-11-10,3.604330161410278,-0.0028500363275500984
2021-11-11,3.5932566124043968,-0.003072290414579737
2021-11-12,3.6059316105096366,0.003527440278404792
2021-11-15,3.587670252349536,-0.005064255269533413
2021-11-16,3.593652886214968,0.0016675539959431496
2021-11-17,3.6026676539830804,0.002508524905867504
2021-11-18,3.6044425149577037,0.0004926518749687192
2021-11-19,3.5984087894488317,-0.0016739691322120165
2021-11-22,3.57713198116042,-0.005912838016291777
2021-11-23,3.5716509254943962,-0.0015322486547577063
2021-11-24,3.576481483317386,0.0013524719866964685
2021-11-26,3.592945067803975,0.004603290849787445
2021-11-29,3.5937972601484516,0.00023718490775515022
2021-11-30,3.5692632387444485,-0.006826768353368207
2021-12-01,3.56946156473074,5.5564964819232454e-05
2021-12-02,3.5742951289874454,0.0013541438026578034
2021-12-03,3.588096535469255,0.003861294600403964
2021-12-06,3.589337111092343,0.0003457475602520743
2021-12-07,3.6056500381957557,0.004544830033657188
2021-12-08,3.6134429493253406,0.0021613054642108387
2021-12-09,3.622185852481045,0.002419549243841468
2021-12-10,3.6297898952508656,0.0020992966897631637
2021-12-13,3.655572103356153,0.007102947787424263
2021-12-14,3.6450169468988025,-0.0028874157474993445
2021-12-15,3.679651027825889,0.00950176128990371
2021-12-16,3.69593431293859,0.004425225378593023
2021-12-17,3.6871790821031896,-0.0023688816126278267
2021-12-20,3.6744249201277195,-0.00345905682676928
2021-12-21,3.6748029396056485,0.00010287854185248024
2021-12-22,3.697992154405125,0.006310328793294406
2021-12-23,3.7017488273134833,0.0010158682743238168
2021-12-27,3.7219224936969693,0.00544976640085193
2021-12-28,3.716708920408337,-0.0014007742765900777
2021-12-29,3.7177909012986508,0.0002911126250358942
2021-12-30,3.7277650524257884,0.0026828165951057192
2021-12-31,3.717756870292013,-0.002684767412383604
2022-01-03,3.6813295778050312,-0.009798191156088376
2022-01-04,3.6560719245849835,-0.006861013850084974
2022-01-05,3.6353460706201224,-0.005668885731019591
2022-01-06,3.6098361576122997,-0.00701718970141163
2022-01-07,3.5947105325252537,-0.0041901140180972685
2022-01-10,3.6126937904587617,0.005002699875495953
2022-01-11,3.6313934778389756,0.005176106380673562
2022-01-12,3.6265393147853593,-0.0013367218626236244
2022-01-13,3.6041374182213306,-0.006177210453143678
2022-01-14,3.5886519689437395,-0.0042965757074915345
2022-01-18,3.549943235331785,-0.01078642731224444
2022-01-19,3.546982468191905,-0.0008340322488574192
2022-01-20,3.5391968081261664,-0.0021950094581966173
2022-01-21,3.5315853658628273,-0.002150612886478276
2022-01-24,3.5241563401245113,-0.0021035951191005764
2022-01-25,3.510478746342263,-0.00388109733570019
2022-01-26,3.488840007862097,-0.0061640420135608
2022-01-27,3.500684750420389,0.003395037471365714
2022-01-28,3.5404635622457366,0.01136315168641533
2022-01-31,3.55063887849458,0.0028740067705678163
2022-02-01,3.552973815871578,0.0006576104912106029
2022-02-02,3.5805094440883165,0.007750022838258319
2022-02-03,3.5652216496801947,-0.004269726039506261
2022-02-04,3.5450966092620892,-0.005644821667654454
2022-02-07,3.5424941205538065,-0.0007341093897084705
2022-02-08,3.551244966072896,0.0024702498356500846
2022-02-09,3.567383363053883,0.004544433609949938
2022-02-10,3.523079096567532,-0.012419261396236392
2022-02-11,3.51692877130231,-0.0017457244349733392
2022-02-14,3.4867899941068305,-0.008569629684117619
2022-02-15,3.5011858334386177,0.004128679775988298
2022-02-16,3.5075307586570403,0.001812221778639822
2022-02-17,3.488707424999084,-0.00536654842199108
2022-02-18,3.4813373411071518,-0.0021125543056779716
2022-02-22,3.476812503234874,-0.0012997412858699042
2022-02-23,3.45899814929536,-0.005123760318665238
2022-02-24,3.4700327876004775,0.0031901255302393405
2022-02-25,3.5226817824724432,0.015172477637703352
2022-02-28,3.529385065417556,0.0019028919894115703
2022-03-01,3.5367950757220323,0.0020995188020381805
2022-03-02,3.536899098725525,2.9411656956690457e-05
2022-03-03,3.5535495387415965,0.004707637835094203
2022-03-04,3.580068684431984,0.007462720134127632
2022-03-07,3.541263121116479,-0.010839334866465433
2022-03-08,3.4936039696421615,-0.01345823505464111
2022-03-09,3.5158278584399096,0.006361307403719374
2022-03-10,3.50708100975038,-0.002487848962380912
2022-03-11,3.493512683999316,-0.0038688372790196546
2022-03-14,3.48372190275103,-0.002802560669989518
2022-03-15,3.5176663067172957,0.009743718044617766
2022-03-16,3.536364756652098,0.005315583771859367
2022-03-17,3.5609246890989485,0.006944965843993345
2022-03-18,3.577148375345053,0.00455603183514941
2022-03-21,3.552500805165351,-0.006890284548882963
2022-03-22,3.543156857912214,-0.002630244936060566
2022-03-23,3.52327037332744,-0.005612645835976815
2022-03-24,3.534492660769193,0.003185190533973592
2022-03-25,3.5245627130417154,-0.002809440754452386
2022-03-28,3.5413526181603348,0.004763684600218032
2022-03-29,3.560628869573731,0.005443188942707011
2022-03-30,3.571107890125381,0.002943025217032491
2022-03-31,3.5570123077109255,-0.00394711749074611
2022-04-01,3.559453724644269,0.0006863672998969617
2022-04-04,3.5434615127610836,-0.004492883773839218
2022-04-05,3.526101853182414,-0.004899068189721245
2022-04-06,3.5467632521112806,0.005859558171928292
2022-04-07,3.576487830525373,0.008380761923254654
2022-04-08,3.5781388923039,0.0004616433374762252
2022-04-11,3.5339767495349377,-0.01234221032167021
2022-04-12,3.525334188615574,-0.0024455624730698178
2022-04-13,3.537873009678943,0.0035567751573342132
2022-04-14,3.513435404621606,-0.0069074285567855
2022-04-18,3.48895325051855,-0.006968152615201562
2022-04-19,3.494119958689296,0.00148087629720417
2022-04-20,3.531236228230283,0.010622494356178236
2022-04-21,3.501981546943597,-0.008284543824287671
2022-04-22,3.438968658047138,-0.01799349541160611
2022-04-25,3.461592166234401,0.006578573530853338
2022-04-26,3.4426599366438,-0.005469225917273723
2022-04-27,3.4292920482901845,-0.0038830115665294818
2022-04-28,3.4504649936566163,0.006174144712168372
2022-04-29,3.396905651172127,-0.015522354981996167
2022-05-02,3.373692986407534,-0.006833473504506471
2022-05-03,3.3810207994379438,0.0021720450141532455
2022-05-04,3.429437688501033,0.014320198524403582
2022-05-05,3.3789203815489204,-0.014730492733983191
2022-05-06,3.3639614370608406,-0.00442713730982397
2022-05-09,3.332893505423134,-0.009235519556030192
2022-05-10,3.3443894464905153,0.003449237441483066
2022-05-11,3.343627896082467,-0.00022770984666498073
2022-05-12,3.3653402958982697,0.00649366511185101
2022-05-13,3.374383062684192,0.002687028945317471
2022-05-16,3.393916812788768,0.005788835986225371
2022-05-17,3.4043870678779085,0.0030850064001826105
2022-05-18,3.3726001191643955,-0.009337054829469615
2022-05-19,3.3823486467325403,0.0028905079830691127
2022-05-20,3.410777702172374,0.008405122714743585
2022-05-23,3.415411742748638,0.0013586463208413169
2022-05-24,3.4352252714010385,0.005801212311946746
2022-05-25,3.4381668521816344,0.0008562992375158451
2022-05-26,3.444676252418215,0.0018932764221289422
2022-05-27,3.475766228246616,0.009025514605785045
2022-05-31,3.4344115591597157,-0.01189800072019287
2022-06-01,3.4000692791251916,-0.009999465539571595
2022-06-02,3.415989405027938,0.004682294563963185
2022-06-03,3.3926416569725424,-0.006834842058066892
2022-06-06,3.380167468157797,-0.0036768365409616255
2022-06-07,3.4089730974424297,0.008521953292548567
2022-06-08,3.3891581044852823,-0.005812598806371694
2022-06-09,3.349350970358212,-0.011745434382181452
2022-06-10,3.305970684884079,-0.012951848241061714
2022-06-13,3.226542236912886,-0.02402575689323705
2022-06-14,3.1982832246395967,-0.00875829609480877
2022-06-15,3.2367904832984595,0.012039977686217007
2022-06-16,3.2235672685764083,-0.004085285961597462
2022-06-17,3.2231088545856013,-0.00014220704971029674
2022-06-21,3.2581303030301934,0.010865735544353827
2022-06-22,3.301312079096193,0.013253544840069464
2022-06-23,3.3476822398089863,0.01404597917488859
2022-06-24,3.369535433782628,0.00652785790532151
2022-06-27,3.3663017034469953,-0.0009596961952712535
2022-06-28,3.3391435847247175,-0.00806764250942471
2022-06-29,3.367116999878178,0.00837742206757075
2022-06-30,3.3762529393668474,0.002713282457663335
2022-07-01,3.4133052796172056,0.010974397035936057
2022-07-05,3.409716987200786,-0.001051266184084798
2022-07-06,3.4067422644665943,-0.0008724251148578555
2022-07-07,3.403514586719295,-0.000947438196591821
2022-07-08,3.398273947242179,-0.0015397728858178583
2022-07-11,3.4073784040951605,0.0026791415272363617
2022-07-12,3.3896889633463068,-0.005191510496044105
2022-07-13,3.380507493636586,-0.0027086466661109254
2022-07-14,3.366245980852412,-0.004218749052034232
2022-07-15,3.4126443342216617,0.013783411442054083
2022-07-18,3.371622431087513,-0.012020562096900889
2022-07-19,3.392591841420271,0.006219382733788081
2022-07-20,3.374176733712438,-0.005428035133198894
2022-07-21,3.4200719054835327,0.013601887332261309
2022-07-22,3.4325722635032263,0.0036549985980269817
2022-07-25,3.4354678587876566,0.0008435642608948246
2022-07-26,3.4449476157277195,0.002759378730851525
2022-07-27,3.4591970694115375,0.004136333922397872
2022-07-28,3.48731590744173,0.008128718157990322
2022-07-29,3.4822042146656393,-0.0014657957328105264
2022-08-01,3.4795002416259098,-0.0007765119082739913
2022-08-02,3.44922401839495,-0.008701313731425964
2022-08-03,3.4721490715701955,0.006646437880805656
2022-08-04,3.472409069502957,7.488098218200179e-05
2022-08-05,3.4466395237103837,-0.007421229836916121
2022-08-08,3.4608523191400034,0.0041236675120348565
2022-08-09,3.450450104921474,-0.0030056798901820225
2022-08-10,3.4702286913852576,0.005732175763264236
2022-08-11,3.447472275584198,-0.006557612718018302
2022-08-12,3.4763977390396095,0.008390339687506243
2022-08-15,3.4906471996932074,0.00409891552211572
2022-08-16,3.4839546464792996,-0.0019172814756232004
2022-08-17,3.462070240025716,-0.006281484311427221
2022-08-18,3.4577549831158603,-0.001246438290005203
2022-08-19,3.447565226483294,-0.002946928478831712
2022-08-22,3.417430007623449,-0.008741014855456308
2022-08-23,3.389405983034485,-0.008200321448120107
2022-08-24,3.385841395587989,-0.001051685004492875
2022-08-25,3.4153824992299984,0.008724892926320615
2022-08-26,3.3657722128763408,-0.014525543292689014
2022-08-29,3.344433411007629,-0.006339942372533824
2022-08-30,3.332825905012075,-0.003470694305752864
2022-08-31,3.315303692988265,-0.005257463942973772
2022-09-01,3.329363507346901,0.004240882784998512
2022-09-02,3.314797934809808,-0.00437488201722358
2022-09-06,3.297922370013535,-0.005090978433121729
2022-09-07,3.335592609705828,0.011422415528883012
2022-09-08,3.3584125909885527,0.006841357429658357
2022-09-09,3.3733790144722153,0.004456398098262593
2022-09-12,3.380562904924134,0.002129582955576359
2022-09-13,3.315204975257383,-0.019333445791394843
2022-09-14,3.316955643446832,0.0005280723824061528
2022-09-15,3.320521073463314,0.001074910369551152
2022-09-16,3.317192069880434,-0.0010025545717761708
2022-09-19,3.303549295683203,-0.004112747742617828
2022-09-20,3.273947203841577,-0.008960693239936646
2022-09-21,3.253319971249454,-0.00630041699142847
2022-09-22,3.2374157243718638,-0.004888620553201273
2022-09-23,3.2311569803472877,-0.0019332531121842855
2022-09-26,3.1888910956634726,-0.013080727721025864
2022-09-27,3.173151954182632,-0.0049356158641617465
2022-09-28,3.2435829767365996,0.022195918623162947
2022-09-29,3.2224156213411272,-0.006525917649490565
2022-09-30,3.196056588463133,-0.008179898552944709
2022-10-03,3.2478776073298956,0.016214049229861027
2022-10-04,3.2889349315448784,0.012641278144940982
2022-10-05,3.2788226722711946,-0.0030746303846558853
2022-10-06,3.2488614989902254,-0.009137783977873903
2022-10-07,3.2065192069280943,-0.013032963108858708
2022-10-10,3.1870224928505104,-0.006080335971622719
2022-10-11,3.1995631575881944,0.003934915666838457
2022-10-12,3.19695371721852,-0.0008155614504704589
2022-10-13,3.2274789982948717,0.009548239910995682
2022-10-14,3.2075909201119424,-0.006162109247941416
2022-10-17,3.2350511943264864,0.008561027543245947
2022-10-18,3.2481592411266123,0.004051882339022872
2022-10-19,3.208457926075522,-0.012222712035916017
2022-10-20,3.1828405357880887,-0.007984331064227967
2022-10-21,3.222184325948945,0.012361219394585454
2022-10-24,3.2511751070119295,0.008997244766388801
2022-10-25,3.283798298071258,0.010034276833926437
2022-10-26,3.310358642764003,0.008088299670642174
2022-10-27,3.313382726589767,0.0009135215099349558
2022-10-28,3.3321170934528377,0.005654151182937217
2022-10-31,3.323184284374096,-0.002680820880002377
2022-11-01,3.3238854841121555,0.00021100236341281553
2022-11-02,3.292786611073605,-0.00935618064677618
2022-11-03,3.2786720324094496,-0.004286514837216704
2022-11-04,3.285130779144375,0.0019699276631150453
2022-11-07,3.2969078759227837,0.003584970453284597
2022-11-08,3.316115987356924,0.005826098925728718
2022-11-09,3.303933497439343,-0.0036737225006689966
2022-11-10,3.382980710705045,0.02392518291514234
2022-11-11,3.358754396812835,-0.00716123323303286
2022-11-14,3.356242213385811,-0.0007479509157942155
2022-11-15,3.3665504362476173,0.003071358443885064
2022-11-16,3.378186198745894,0.0034562864031367213
2022-11-17,3.3659467511054086,-0.0036230826012577655
2022-11-18,3.380394123422446,0.004292216539757365
2022-11-21,3.3800928072929133,-8.91363901755482e-05
2022-11-22,3.4044548267349737,0.00720750015783489
2022-11-23,3.4203851936931655,0.004679271063634638
2022-11-25,3.430017166493943,0.002816049145148325
2022-11-28,3.4178446088176844,-0.003548832873248031
2022-11-29,3.406363883302929,-0.003359054266287076
2022-11-30,3.462321684982436,0.016427429246122727
2022-12-01,3.4862116450367195,0.006899982794176696
2022-12-02,3.4942528431683924,0.0023065719900056125
2022-12-05,3.459798766359858,-0.009860212856632744
2022-12-06,3.457304444555655,-0.000720944185672201
2022-12-07,3.4866479314506464,0.00848738876357824
2022-12-08,3.492532279328933,0.0016876805441719545
2022-12-09,3.4572382909730295,-0.010105558240591228
2022-12-12,3.4731805933185242,0.004611282475703471
2022-12-13,3.4941753328256846,0.006044816542954523
2022-12-14,3.501707395330732,0.0021556051965360146
2022-12-15,3.472997319476402,-0.008198879178943519
2022-12-16,3.4433532699248306,-0.008535580890123018
2022-12-19,3.4229573242083964,-0.005923280046394919
2022-12-20,3.410151402588494,-0.0037411864674251616
2022-12-21,3.434707247488043,0.007200807823637856
2022-12-22,3.431781747519124,-0.0008517465268861879
2022-12-23,3.425022593087634,-0.001969575843911442
2022-12-27,3.406282140726314,-0.005471628829293418
2022-12-28,3.391157996071171,-0.0044400739663679745
2022-12-29,3.417965163097196,0.007905018597506364
2022-12-30,3.4047148938180247,-0.0038766542802222137
2023-01-03,3.4131587896672055,0.0024800595975048023
2023-01-04,3.4307769931925174,0.005161847019438004
2023-01-05,3.4107527206111756,-0.005836658174248832
2023-01-06,3.448430004598297,0.011046618466193037
2023-01-09,3.4239618782188126,-0.007095439474444132
2023-01-10,3.4275746057177017,0.0010551307600331628
2023-01-11,3.448272112463591,0.006038528442637858
2023-01-12,3.4581740195783257,0.002871556185761792
2023-01-13,3.4566587961214137,-0.00043815708762307004
2023-01-17,3.4432074433595745,-0.0038914320316870143
2023-01-18,3.4423228766721494,-0.000256901944473531
2023-01-19,3.4431979880464105,0.0002542211772729175
2023-01-20,3.4404725656343658,-0.0007915381054200976
2023-01-23,3.4408309118925127,0.00010415611556569004
2023-01-24,3.4393561998183686,-0.00042859184653543103
2023-01-25,3.441774656026575,0.0007031711947526054
2023-01-26,3.438772051568164,-0.0008724000721990754
2023-01-27,3.4244748718203657,-0.004157641022259295
2023-01-30,3.403649372996464,-0.006081370021217669
2023-01-31,3.434244251194473,0.00898884545533385
2023-02-01,3.4547047136475597,0.005957777303105538
2023-02-02,3.4422812959580398,-0.0035960867047311607
2023-02-03,3.4187597940586363,-0.006833114402074736
2023-02-06,3.3944902048975347,-0.007098945413854196
2023-02-07,3.4012571380053265,0.0019935049740396615
2023-02-08,3.4025410449750786,0.00037748012504135176
2023-02-09,3.379987889744091,-0.006628327162810976
2023-02-10,3.3878023764966065,0.002311986612800243
2023-02-13,3.4058841198716676,0.005337307601088637
2023-02-14,3.3881040987758233,-0.005220383451129962
2023-02-15,3.3746065165330723,-0.003983815682531144
2023-02-16,3.352154439642875,-0.006653242912973312
2023-02-17,3.371851205207822,0.0058758526552391555
2023-02-21,3.3316479979738185,-0.011923185451336027
2023-02-22,3.3289919371394654,-0.0007972213258929384
2023-02-23,3.3399251360520332,0.003284237126138234
2023-02-24,3.3082759252392364,-0.009476024019570706
2023-02-27,3.3082882569167054,3.7275238666256705e-06
2023-02-28,3.2986183030426166,-0.002922947797511788
2023-03-01,3.2827097279488253,-0.004822799618590945
2023-03-02,3.286040856189166,0.0010147495564349907
2023-03-03,3.3176590852169983,0.009621982930699269
2023-03-06,3.3139262688726006,-0.0011251355996854673
2023-03-07,3.2874069275827855,-0.008002393275586384
2023-03-08,3.278088738254736,-0.0028345104616852024
2023-03-09,3.271665955833776,-0.0019593070639019605
2023-03-10,3.2897577921412244,0.005529854377458121
2023-03-13,3.3250693673810825,0.01073379180808165
2023-03-14,3.3242327822862388,-0.0002515992908450615
2023-03-15,3.3468036207921403,0.006789788797635976
2023-03-16,3.347390315927585,0.0001753001376597063
2023-03-17,3.3456532588039565,-0.000518928765302018
2023-03-20,3.360114206909981,0.004322309273374569
2023-03-21,3.355687891230913,-0.0013173110812618183
2023-03-22,3.3524219800867856,-0.0009732463953701087
2023-03-23,3.3588461599605774,0.0019162802033727
2023-03-24,3.3826241778420765,0.007079222074814706
2023-03-27,3.3687071023022326,-0.004114283706421751
2023-03-28,3.3575359329227314,-0.0033161592979890075
2023-03-29,3.359266592329451,0.0005154552151622749
2023-03-30,3.3709230066540727,0.003469928332344163
2023-03-31,3.3981832445353075,0.008086876451175007
2023-04-03,3.4252166569139044,0.007955254450174198
2023-04-04,3.43650633014928,0.003296046459597468
2023-04-05,3.473380126242758,0.010730024202189381
2023-04-06,3.4782017072400895,0.001388152411221144
2023-04-10,3.4598945124219687,-0.005263408036403794
2023-04-11,3.4650332878253685,0.0014852404849195477
2023-04-12,3.47060295262639,0.0016073914269715273
2023-04-13,3.487408390742235,0.004842224346961743
2023-04-14,3.4648029174565793,-0.006482026408396624
2023-04-17,3.452353566223862,-0.0035930907267464063
2023-04-18,3.443353203622529,-0.0026070222613894245
2023-04-19,3.4449660994480142,0.0004684084757232698
2023-04-20,3.44788754642126,0.0008480335913069181
2023-04-21,3.4553311451655504,0.0021588867514012455
2023-04-24,3.4733925492133695,0.005227112334251882
2023-04-25,3.4720572791027364,-0.00038442821872686217
2023-04-26,3.44060182020436,-0.009059602526633903
2023-04-27,3.4383912584441516,-0.0006424927601989538
2023-04-28,3.4659166858263935,0.008005321475455629
2023-05-01,3.454474586071588,-0.0033013199081204925
2023-05-02,3.4694972816905634,0.004348764260575733
2023-05-03,3.4784817472795053,0.002589558330642061
2023-05-04,3.4643211346045986,-0.004070917631228577
2023-05-05,3.4705569485712364,0.0018000103698093683
2023-05-08,3.4561721077408127,-0.004144822010872129
2023-05-09,3.4425415021680963,-0.003943844562077248
2023-05-10,3.4602225029681346,0.00513603126902118
2023-05-11,3.461300443327145,0.0003115234231572117
2023-05-12,3.4485706015003452,-0.0036777627470452323
2023-05-15,3.4417572553620825,-0.001975701508125871
2023-05-16,3.4218639698661053,-0.005779979243156874
2023-05-17,3.418421417275136,-0.0010060460092176648
2023-05-18,3.403673573172694,-0.004314226451985426
2023-05-19,3.4051909673427336,0.00044581072109839415
2023-05-22,3.403737313849999,-0.0004268933832716759
2023-05-23,3.387886600918262,-0.004656855529725834
2023-05-24,3.371951712417779,-0.004703489336438826
2023-05-25,3.344150621081476,-0.008244807075356686
2023-05-26,3.3438594274716302,-8.707550671022135e-05
2023-05-30,3.346612190092785,0.0008232291700240868
2023-05-31,3.3673398450842753,0.0061936232267519875
2023-06-01,3.383085250287744,0.004675918062281292
2023-06-02,3.3913271344255107,0.00243620350302004
2023-06-05,3.396920124803284,0.0016492040301858135
2023-06-06,3.383812833209094,-0.003858581041833953
2023-06-07,3.3648204126973607,-0.005612727845151488
2023-06-08,3.3869452683567647,0.0065753451732267765
2023-06-09,3.386062298123871,-0.00026069811081480543
2023-06-12,3.3949582633266453,0.002627230221872723
2023-06-13,3.3914553279703346,-0.0010318051312001586
2023-06-14,3.3763399660075226,-0.004456895492077062
2023-06-15,3.4156463682746656,0.011641719335989231
2023-06-16,3.4081440957725806,-0.0021964429841940802
2023-06-20,3.411330913895228,0.0009350596785506204
2023-06-21,3.4131692311637942,0.000538885647557108
2023-06-22,3.4151948408416883,0.0005934688674090194
2023-06-23,3.416585014562818,0.00040705546415809035
2023-06-26,3.4111010369867136,-0.0016051049667225592
2023-06-27,3.401245376633231,-0.002889290069867989
2023-06-28,3.402628423533978,0.0004066295569996048
2023-06-29,3.3962386601027004,-0.0018778904528873874
2023-06-30,3.417386858059683,0.006226946947345158
2023-07-03,3.3959433539973385,-0.006274824874383633
2023-07-05,3.3869008078844747,-0.002662749395457409
2023-07-06,3.359553019838492,-0.00807457602015349
2023-07-07,3.337861456622514,-0.006456681316796331
2023-07-10,3.359704163316789,0.006543922501917376
2023-07-11,3.3636250270988395,0.001167026497410406
2023-07-12,3.3755142966780176,0.0035346596256696228
2023-07-13,3.3901989308966747,0.004350339808398607
2023-07-14,3.4072871139888403,0.005040466191063964
2023-07-17,3.402349916074396,-0.0014490114126791687
2023-07-18,3.4168722003558134,0.004268310032664924
2023-07-19,3.4305866416891684,0.004013741377838831
2023-07-20,3.4454308565698706,0.004327019379225694
2023-07-21,3.46423174265869,0.005456759073533268
2023-07-24,3.456286308922095,-0.0022935629965959436
2023-07-25,3.452290099502006,-0.0011562148106114
2023-07-26,3.4570784571612148,0.0013870090638963273
2023-07-27,3.425513882839968,-0.009130418852907995
2023-07-28,3.4361679152650524,0.0031101997508915513
2023-07-31,3.42510599124139,-0.0032192617754562836
2023-08-01,3.406164053298511,-0.005530321686778972
2023-08-02,3.403903999543688,-0.0006635187617092808
2023-08-03,3.3827914402810455,-0.0062024543775244245
2023-08-04,3.3947918413735803,0.003547484763511688
2023-08-07,3.4102993971855984,0.0045680432075457245
2023-08-08,3.432045195850926,0.006376507201471537
2023-08-09,3.4326170798184585,0.00016663066332095466
2023-08-10,3.4183336526538124,-0.00416108958049044
2023-08-11,3.4199503215856417,0.00047294064772601674
2023-08-14,3.4223944821221473,0.0007146772048350347
2023-08-15,3.412828755586879,-0.0027950391415244025
2023-08-16,3.3933159641214177,-0.0057174833145433035
2023-08-17,3.377643147537911,-0.004618731868538062
2023-08-18,3.3833440740752354,0.0016878415771898192
2023-08-21,3.3746360811745584,-0.0025737828343860847
2023-08-22,3.3694283239122713,-0.001543205589289609
2023-08-23,3.3927715413744046,0.006927945995013451
2023-08-24,3.371730919206283,-0.006201602999652112
2023-08-25,3.383538326974245,0.0035018831724393795
2023-08-28,3.392164798415797,0.002549541517759657
2023-08-29,3.4194807385267514,0.008052657147940123
2023-08-30,3.4180329441600024,-0.00042339597074980695
2023-08-31,3.4010568432437895,-0.004966628816500396
2023-09-01,3.3952575190026346,-0.0017051535767994008
2023-09-05,3.3674211092120387,-0.00819861516683218
2023-09-06,3.353924545075918,-0.004007982280327005
2023-09-07,3.3672101471757063,0.003961210790890735
2023-09-08,3.3675706751297287,0.00010707022676459399
2023-09-11,3.376291908719836,0.0025897700245806066
2023-09-12,3.376484357180817,5.699994733382452e-05
2023-09-13,3.378724961316722,0.0006635908533502155
2023-09-14,3.380276978971398,0.0004593501017234325
2023-09-15,3.361708408511315,-0.005493209750442707
2023-09-18,3.3607807641643968,-0.000275944321812549
2023-09-19,3.35605511468183,-0.0014061165586746749
2023-09-20,3.3549177747638304,-0.0003388919070559937
2023-09-21,3.327778448328201,-0.008089416271175098
2023-09-22,3.330839013396978,0.0009197021725753651
2023-09-25,3.327673535650208,-0.0009503544704616562
2023-09-26,3.313016506190342,-0.0044045875603005435
2023-09-27,3.297314044268089,-0.004739626830386534
2023-09-28,3.309745295209522,0.0037701143338298992
2023-09-29,3.297604073005639,-0.003668325239847281
2023-10-02,3.2819246768456973,-0.0047547843260791756
2023-10-03,3.2537909890467964,-0.00857231367842981
2023-10-04,3.271005558775993,0.005290619399692775
2023-10-05,3.283026651487533,0.0036750450268382417
2023-10-06,3.2906479649402236,0.002321429053656121
2023-10-09,3.317350035034409,0.00811453257190653
2023-10-10,3.3219600191887033,0.0013896586448846615
2023-10-11,3.323732820945961,0.0005336613767227272
2023-10-12,3.293494328288201,-0.009097750717867392
2023-10-13,3.3143389236076533,0.006329021167705062
2023-10-16,3.3170052096927205,0.0008044699551019718
2023-10-17,3.298455051263117,-0.005592441752999888
2023-10-18,3.276389097730573,-0.006689784517176944
2023-10-19,3.2521775499326435,-0.007389704664412355
2023-10-20,3.2552330327684977,0.0009395190726648184
2023-10-23,3.252705674684676,-0.0007763985122971606
2023-10-24,3.260584928856088,0.002422369239472033
2023-10-25,3.2317223463524325,-0.008851964642363042
2023-10-26,3.228066780751428,-0.0011311508877396292
2023-10-27,3.2032618993434507,-0.007684128951695179
2023-10-30,3.206902608242781,0.001136562982900824
2023-10-31,3.2127027219009765,0.0018086341765688463
2023-11-01,3.234557469374178,0.006802604960682412
2023-11-02,3.270238216257692,0.011031106178001515
2023-11-03,3.2909517502559744,0.006333952644583141
2023-11-06,3.2924110933831714,0.00044344105837568204
2023-11-07,3.302963201644501,0.00320497895373284
2023-11-08,3.3073159734216326,0.0013178384109651664
2023-11-09,3.256766935243707,-0.015284006301227115
2023-11-10,3.26828472421081,0.003536571451417281
2023-11-13,3.276835907932152,0.0026164133308202997
2023-11-14,3.3125620927286836,0.010902646882637645
2023-11-15,3.300965539617533,-0.0035007806001903785
2023-11-16,3.3204681212487372,0.005908144570774265
2023-11-17,3.3181857196018343,-0.0006873734556573918
2023-11-20,3.3306071030787576,0.0037434262354711922
2023-11-21,3.342830650402054,0.003670065830340019
2023-11-22,3.3502730696459153,0.0022263823753579937
2023-11-24,3.3505946275212937,9.597960186946697e-05
2023-11-27,3.352828077383771,0.0006665831324780269
2023-11-28,3.351601397815367,-0.00036586414217854024
2023-11-29,3.3609126361663453,0.002778146099666867
2023-11-30,3.373799038009576,0.003834197207199519
2023-12-01,3.396396096713093,0.006697808153045437
2023-12-04,3.392574274379331,-0.001125258133896856
2023-12-05,3.4023449165762933,0.0028800083378424657
2023-12-06,3.4106695042064152,0.0024467206689022802
2023-12-07,3.4060822732904064,-0.0013449649432028532
2023-12-08,3.3979374846245896,-0.0023912483646346683
2023-12-11,3.409309728143074,0.0033468077532159413
2023-12-12,3.4202468517526268,0.0032080170127311014
2023-12-13,3.4771836513142667,0.016646985445645246
2023-12-14,3.4831968442567196,0.0017293285444328066
2023-12-15,3.466944878001619,-0.004665819068450816
2023-12-18,3.4659816887574797,-0.0002778207551700773
2023-12-19,3.4808974570190507,0.004303475782908128
2023-12-20,3.4642224985873225,-0.004790419320771566
2023-12-21,3.482669225542422,0.005324925567749272
2023-12-22,3.489724802659384,0.002025910777060269
2023-12-26,3.4946896282127042,0.0014226983026103257
2023-12-27,3.515666006082187,0.006002357891853993
2023-12-28,3.5134886008534516,-0.0006193435966239114
2023-12-29,3.51093042179922,-0.0007281022780635249
2024-01-02,3.5352666600415823,0.0069315638074909924
2024-01-03,3.536570624053986,0.00036884459866703967
2024-01-04,3.534722726351559,-0.0005225111835342466
2024-01-05,3.5267341256742997,-0.002260036018583156
2024-01-08,3.5482441724500093,0.006099140453803442
2024-01-09,3.547249566808174,-0.0002803092440926691
2024-01-10,3.552554325098058,0.0014954567447187372
2024-01-11,3.5607856305434775,0.0023170104359185317
2024-01-12,3.5611849397522564,0.00011214076055399147
2024-01-16,3.5361084139482313,-0.007041624130245172
2024-01-17,3.5268221676498173,-0.0026261203592584104
2024-01-18,3.522677107730939,-0.0011752959808687957
2024-01-19,3.5238729167931386,0.000339460309767059
2024-01-22,3.5369619320470846,0.0037143834533788223
2024-01-23,3.531242443574698,-0.0016170624909939701
2024-01-24,3.5100772187713023,-0.005993704805487721
2024-01-25,3.5150165237518047,0.001407178438721568
2024-01-26,3.521902722471608,0.001959080042233552
2024-01-29,3.5448640554956166,0.006519581837823862
2024-01-30,3.551320314546803,0.0018212994772469626
2024-01-31,3.563770034709066,0.0035056596025053177
2024-02-01,3.5979081558321604,0.009579215491069326
2024-02-02,3.571839877364257,-0.007245398531267877
2024-02-05,3.5599932600867583,-0.003316670871103211
2024-02-06,3.5889575945768217,0.008136064417537114
2024-02-07,3.5906116768770007,0.0004608809818981152
2024-02-08,3.5816426648993556,-0.0024979064250817973
2024-02-09,3.5770594102299635,-0.00127965157281279
2024-02-12,3.581123185027775,0.001136065782466389
2024-02-13,3.5447950529642065,-0.010144340249297223
2024-02-14,3.5668113309827554,0.006210874730300242
2024-02-15,3.5847445082158256,0.005027789689153184
2024-02-16,3.5827427740287385,-0.0005584035856668335
2024-02-20,3.57977205687989,-0.000829173997749344
2024-02-21,3.5780007508660105,-0.0004948097213271496
2024-02-22,3.599224425034463,0.005931713167839914
2024-02-23,3.6160513669300096,0.004675157730789636
2024-02-26,3.6040662716526546,-0.003314415106754953
2024-02-27,3.5956258384212187,-0.0023419195417751504
2024-02-28,3.5932064151572245,-0.0006728795966871037
2024-02-29,3.5821937027912,-0.003064870506623074
2024-03-01,3.6091702839141755,0.007530743271073059
2024-03-04,3.6024426816573687,-0.0018640301586187458
2024-03-05,3.6000978461064186,-0.0006509015571266596
2024-03-06,3.616753561311349,0.004626461812126559
2024-03-07,3.6282205480660905,0.0031705192406265015
2024-03-08,3.626216490958551,-0.0005523526150050251
2024-03-11,3.6229413589593857,-0.0009031815963916334
2024-03-12,3.623930315806408,0.0002729707022655625
2024-03-13,3.612888246211967,-0.0030469872851248136
2024-03-14,3.593095062533049,-0.005478493197145218
2024-03-15,3.5828909408814833,-0.0028399253217564757
2024-03-18,3.580576625246651,-0.0006459352721082667
2024-03-19,3.597611759200661,0.00475765099785741
2024-03-20,3.597758242350854,4.071677546030328e-05
2024-03-21,3.6002995541938354,0.0007063598140270022
2024-03-22,3.6066332085310493,0.001759202044684327
2024-03-25,3.599382729053277,-0.0020103179498880963
2024-03-26,3.6086225536841825,0.0025670581114711766
2024-03-27,3.6395174225790115,0.008561402151435082
2024-03-28,3.638035868887533,-0.000407074213269909
2024-04-01,3.606061578762328,-0.00878888809168954
2024-04-02,3.5741399804781997,-0.008852205539730207
2024-04-03,3.5742632001746615,3.447534151851395e-05
2024-04-04,3.5545747550937823,-0.0055083926331773725
2024-04-05,3.5587234502275438,0.001167142462770332
2024-04-08,3.54899614326141,-0.002733369732765112
2024-04-09,3.562400945810285,0.0037770687844580486
2024-04-10,3.5178415618770784,-0.012508245032219756
2024-04-11,3.5081523218671142,-0.002754313927883223
2024-04-12,3.4892806604085687,-0.005379373449925229
2024-04-15,3.4746122347183848,-0.0042038537789809705
2024-04-16,3.4684203119387718,-0.001782047135430842
2024-04-17,3.476428930217944,0.002309010315619864
2024-04-18,3.4702534092761277,-0.0017763978685533255
2024-04-19,3.4790439294319246,0.0025331061219621143
2024-04-22,3.4858678928737983,0.0019614479093365
2024-04-23,3.51089104750601,0.007178457532302618
2024-04-24,3.500073945529839,-0.0030810132897331477
2024-04-25,3.4817080706228234,-0.005247281969705697
2024-04-26,3.4869757700266866,0.0015129641247954018
2024-04-29,3.4998814322132006,0.0037011046355550636
2024-04-30,3.4904436837294157,-0.0026965909178861547
2024-05-01,3.500463951243437,0.0028707718622507095
2024-05-02,3.507442787963598,0.0019936890701822696
2024-05-03,3.5215387178620103,0.004018862387944022
2024-05-06,3.530189501222308,0.0024565350698600996
2024-05-07,3.549372105505,0.005433873812170642
2024-05-08,3.538298865351493,-0.0031197743782153675
2024-05-09,3.5588447487292676,0.005806712253441537
2024-05-10,3.5566931305183482,-0.0006045833305000636
2024-05-13,3.5570736850680698,0.00010699673425740297
2024-05-14,3.5698223935369513,0.003584043963553052
2024-05-15,3.609789483819614,0.011195820373310905
2024-05-16,3.6042184928914445,-0.0015433007805968901
2024-05-17,3.602078570074475,-0.0005937272729693022
2024-05-20,3.5955546121337862,-0.0018111648076998277
2024-05-21,3.603273846387954,0.002146882772442793
2024-05-22,3.6041574935451473,0.0002452345269508549
2024-05-23,3.57808886164305,-0.007232933618684767
2024-05-24,3.5743543955563317,-0.0010437041200266894
2024-05-28,3.5426920547270524,-0.008858198523526928
2024-05-29,3.520280103034109,-0.006326248893984199
2024-05-30,3.5299600016728423,0.0027497523933934787
2024-05-31,3.56397290678617,0.00963549306428646
2024-06-03,3.588168732747793,0.0067890038994269375
2024-06-04,3.6032007596871867,0.00418933112097053
2024-06-05,3.6179354917549955,0.004089345293401991
2024-06-06,3.623120908436428,0.0014332529403163208
2024-06-07,3.6060109798676883,-0.004722428260370615
2024-06-10,3.60878097241046,0.0007681597638600213
2024-06-11,3.6108244140707795,0.0005662415302956636
2024-06-12,3.617069166393556,0.0017294533343802931
2024-06-13,3.62754202065238,0.0028953978420229176
2024-06-14,3.6311490530003443,0.0009943461240225493
2024-06-17,3.6208370114524535,-0.002839883848714586
2024-06-18,3.6310807882757223,0.0028291184582096562
2024-06-20,3.632445327081473,0.00037579411897326054
2024-06-21,3.6379166738829443,0.001506243400466234
2024-06-24,3.6500691802611294,0.003340512570128351
2024-06-25,3.6459078809010306,-0.0011400604083348087
2024-06-26,3.628448574824388,-0.004788740321197471
2024-06-27,3.629524265212601,0.0002964601443374293
2024-06-28,3.6183939141283394,-0.0030666143193864293
2024-07-01,3.594747779716563,-0.0065349807049609465
2024-07-02,3.5949629487958443,5.985651635848077e-05
2024-07-03,3.593251252149605,-0.00047613749310337905
2024-07-05,3.6171445711460786,0.0066494985515360705
2024-07-08,3.6157167653921705,-0.0003947328412852169
2024-07-09,3.6219947503131693,0.0017363043978135817
2024-07-10,3.640844500499385,0.0052042455844493185
2024-07-11,3.6652606163990886,0.0067061682794622435
2024-07-12,3.680570780145875,0.004177100989295468
2024-07-15,3.6683022484736867,-0.003333323118894671
2024-07-16,3.7026347003600755,0.00935922112216192
2024-07-17,3.712592636236444,0.002689418936034804
2024-07-18,3.665153462888061,-0.012777909670281917
2024-07-19,3.6687010493337397,0.0009679230301269937
2024-07-22,3.677499790471728,0.0023983260068536905
2024-07-23,3.6777493586247636,6.786353970217318e-05
2024-07-24,3.689007148077285,0.0030610540183006463
2024-07-25,3.6838820806704455,-0.0013892809639879378
2024-07-26,3.703023687863894,0.005196042320107175
2024-07-29,3.707252849933829,0.0011420834502884336
2024-07-30,3.71275440716747,0.0014839983827213965
2024-07-31,3.7195805437135054,0.001838563987119013
2024-08-01,3.7465391239632213,0.007247747409389715
2024-08-02,3.77183869063066,0.0067527832568516355
2024-08-05,3.72339039132746,-0.012844743181501084
2024-08-06,3.7154471907574,-0.002133324667905223
2024-08-07,3.6898470662304175,-0.006890186621590411
2024-08-08,3.7251194408673687,0.009559305305568033
2024-08-09,3.7419003144989578,0.004504788074038868
2024-08-12,3.740015532061716,-0.0005036965923272962
2024-08-13,3.770965873608174,0.008275458024474047
2024-08-14,3.780216307674119,0.0024530675630574095
2024-08-15,3.780221658737338,1.4155441867558238e-06
2024-08-16,3.785908132617024,0.0015042699590227526
2024-08-19,3.7999601212651233,0.003711656003228425
2024-08-20,3.815242039484042,0.004021599630322115
2024-08-21,3.8223636418627556,0.0018666187636361409
2024-08-22,3.8148048973945365,-0.001977505328230711
2024-08-23,3.831878986480898,0.0044757437262447075
2024-08-26,3.8285414288048343,-0.0008709976718572765
2024-08-27,3.830714764321841,0.0005676667100046884
2024-08-28,3.8319496091886895,0.00032235364489924256
2024-08-29,3.8326699175658336,0.00018797438656742438
2024-08-30,3.8392377878436292,0.0017136540372792997
2024-09-03,3.848228465072107,0.0023417870226598025
2024-09-04,3.8561760561233562,0.002065259670361308
2024-09-05,3.8342355187275605,-0.005689713611741198
2024-09-06,3.8303906293606307,-0.0010027786107947856
2024-09-09,3.846552382254836,0.004219348483761154
2024-09-10,3.8635612345480963,0.004421843407547477
2024-09-11,3.8564882570780994,-0.001830688590295837
2024-09-12,3.860321189643892,0.0009938919323189688
2024-09-13,3.8680000163734416,0.0019891678314615246
2024-09-16,3.8864614373137996,0.004772859581750111
2024-09-17,3.8629124025100117,-0.006059248286293117
2024-09-18,3.8512931577037937,-0.0030078975641975036
2024-09-19,3.856670539868401,0.0013962536593328245
2024-09-20,3.848167904903365,-0.002204656808804273
2024-09-23,3.843226216479031,-0.001284166529749664
2024-09-24,3.841517519318826,-0.0004445996836924815
2024-09-25,3.815017067457049,-0.006898433165671458
2024-09-26,3.820030869575401,0.001314227965353243
2024-09-27,3.8266339700235954,0.001728546358298999
2024-09-30,3.8338873599761367,0.001895501375193398
2024-10-01,3.8307818855687277,-0.000810006689249354
2024-10-02,3.821443836690717,-0.0024376352287737157
2024-10-03,3.794441219825778,-0.007066077121343439
2024-10-04,3.7776357391623825,-0.004428973777637568
2024-10-07,3.762437346641719,-0.004023255170715112
2024-10-08,3.7742207214386583,0.0031318461176387258
2024-10-09,3.786429006551938,0.0032346505449279417
2024-10-10,3.7791941867905634,-0.0019107237317419479
2024-10-11,3.7936387922704173,0.0038221389973404074
2024-10-14,3.800752296697556,0.0018751137935515416
2024-10-15,3.7872720059452587,-0.0035467427761630144
2024-10-16,3.795552607590936,0.0021864290794740837
2024-10-17,3.774682787250334,-0.005498493236232027
2024-10-18,3.786014444825379,0.0030020158550329024
2024-10-21,3.7491612884972545,-0.00973402422658326
2024-10-22,3.7446639075016543,-0.001199569890310781
2024-10-23,3.7315357973917513,-0.003505817994401028
2024-10-24,3.7233834559733396,-0.0021847147826131175
2024-10-25,3.7090546084142355,-0.003848340555984653
2024-10-28,3.707501519023946,-0.0004187291787955405
2024-10-29,3.703177221215477,-0.0011663644064014433
2024-10-30,3.6969468611431564,-0.0016824363783151108
2024-10-31,3.6803697678085436,-0.004483995566408272
2024-11-01,3.68037354082425,1.0251729973265178e-06
2024-11-04,3.678113913236361,-0.0006139669147233184
2024-11-05,3.6926232756658313,0.003944783324207335
2024-11-06,3.6759876447566286,-0.004505098318268896
2024-11-07,3.704054998727062,0.007635323260802518
2024-11-08,3.721285903088017,0.004651902946062325
2024-11-11,3.7052474684384635,-0.004309917342347869
2024-11-12,3.6678010480518553,-0.010106321023245879
2024-11-13,3.6617644141243084,-0.0016458455211884604
2024-11-14,3.632764243160554,-0.00791972603477542
2024-11-15,3.5998597077973336,-0.009057712849153299
2024-11-18,3.605179448238611,0.0014777632666503893
2024-11-19,3.599763366244382,-0.0015023057997501366
2024-11-20,3.618360553521822,0.005166224939069375
2024-11-21,3.6319559562781802,0.003757337765338431
2024-11-22,3.6347602351295234,0.0007721125710501431
2024-11-25,3.6698763951167743,0.009661203962742282
2024-11-26,3.67584113286329,0.0016253238813308535
2024-11-27,3.6930469028530277,0.004680770840696069
2024-11-29,3.7066195953250802,0.003675201758625568
2024-12-02,3.7031934817801337,-0.000924322946241174
2024-12-03,3.693773142736341,-0.0025438419812902624
2024-12-04,3.699793298560746,0.0016298120084183854
2024-12-05,3.6789238709343657,-0.005640700964158918
2024-12-06,3.67433923619667,-0.0012461890755383065
2024-12-09,3.6733239517954193,-0.0002763175460906986
2024-12-10,3.6624197755406067,-0.002968476616249105
2024-12-11,3.6321016518255673,-0.008278167324651864
2024-12-12,3.610744969233942,-0.005879979317454098
2024-12-13,3.602049836637063,-0.002408127040532615
2024-12-16,3.5811664175202393,-0.005797648578988124
2024-12-17,3.5798808455168993,-0.0003589813634604089
2024-12-18,3.541744829752798,-0.010652872933427204
2024-12-19,3.5203085369464113,-0.006052466746420793
2024-12-20,3.549009655130631,0.008153012124646142
2024-12-23,3.558875329309715,0.002779838641695953
2024-12-24,3.5671505594736286,0.002325237441098804
2024-12-26,3.57208856749311,0.001384300420504303
2024-12-27,3.5591292465531197,-0.0036279394239895346
2024-12-30,3.5476652792396606,-0.0032210033745083133
2024-12-31,3.5486748041588925,0.0002845603628784388
2025-01-02,3.550150025188517,0.0004157104020621194
2025-01-03,3.5646854929132967,0.004094324921947001
2025-01-06,3.563718126025595,-0.00027137510156932665
2025-01-07,3.564450538499507,0.00020551919316047496
2025-01-08,3.5767403422214596,0.0034478816830841863
2025-01-10,3.5536554768692827,-0.006454163048872363
2025-01-13,3.57370091812283,0.005640794777102831
2025-01-14,3.5558470359014365,-0.004995908339965716
2025-01-15,3.5818011953454643,0.007299008979290367
2025-01-16,3.5932103748509068,0.0031853190289479194
2025-01-17,3.5824785112639757,-0.002986706167288189
2025-01-21,3.618129746267015,0.009951555854681327
2025-01-22,3.609386423373601,-0.0024165310551493846
2025-01-23,3.6288221574870634,0.0053847750929634786
2025-01-24,3.635454153783114,0.001827589230948501
2025-01-27,3.6880597868115776,0.01447016818345015
2025-01-28,3.6753853347912893,-0.0034366178296815764
2025-01-29,3.6624270071712863,-0.003525705862005568
2025-01-30,3.687487183670513,0.006842505379672348
2025-01-31,3.6786377301005873,-0.0023998601565624056
2025-02-03,3.6870853251462763,0.0022963922151306715
2025-02-04,3.6866533884387587,-0.00011714855215633202
2025-02-05,3.7150300860922747,0.007697142818607339
2025-02-06,3.6962045822346723,-0.005067389340419726
2025-02-07,3.6814058475049425,-0.0040037650515499235
2025-02-10,3.679376586095873,-0.0005512191519021492
2025-02-11,3.6712399098417143,-0.0022114279589935393
2025-02-12,3.655952175306617,-0.0041641883697425275
2025-02-13,3.6767712321088863,0.0056945648640831514
2025-02-14,3.6645191266170403,-0.003332300194488491
2025-02-18,3.6511587504288645,-0.003645874322536158
2025-02-19,3.6778568697186937,0.007312231846038797
2025-02-20,3.6919155325551403,0.003822514941295596
2025-02-21,3.6929078044302375,0.0002687688454265924
2025-02-24,3.7118546454586805,0.005130602233208492
2025-02-25,3.742445841249048,0.008241485379228086
2025-02-26,3.7341389133314196,-0.0022196521392694457
2025-02-27,3.724396254580784,-0.0026090777490501704
2025-02-28,3.756240234173783,0.008550105148944054
2025-03-03,3.7712546308874955,0.00399718755395706
2025-03-04,3.747802000006986,-0.006218787426451322
2025-03-05,3.7561988413639087,0.0022404709098579056
2025-03-06,3.7500611292193025,-0.0016340221601200966
2025-03-07,3.747806558636082,-0.0006012090218086019
2025-03-10,3.740699285094399,-0.0018963821719415463
2025-03-11,3.713616883849291,-0.007239930072172218
2025-03-12,3.689566901919984,-0.00647616129544798
2025-03-13,3.687166859604373,-0.0006504943207188418
2025-03-14,3.6948494942630195,0.0020836145884297608
2025-03-17,3.719868333518561,0.006771274254712911
2025-03-18,3.7229194091290445,0.0008202106464336723
2025-03-19,3.7296352823584114,0.0018039265671178084
2025-03-20,3.73352712097854,0.001043490402007352
2025-03-21,3.726750924248136,-0.0018149584858588308
2025-03-24,3.7301919889344286,0.0009233417408991973
2025-03-25,3.7095221364063136,-0.005541230207300851
2025-03-26,3.698443532677357,-0.0029865312354462326
2025-03-27,3.6998147360131055,0.0003707514589942895
2025-03-28,3.7089764256563913,0.002476256325514903
2025-03-31,3.73355734908118,0.0066274143062095
2025-04-01,3.705979342744153,-0.007386522760608916
2025-04-02,3.7166414646780104,0.0028770052252807266
2025-04-03,3.72068193035482,0.0010871281815072464
2025-04-04,3.623867035654832,-0.026020739346229227
2025-04-07,3.591438550020356,-0.008948585948495291
2025-04-08,3.5625070126027474,-0.00805569607127049
2025-04-09,3.6343003546382016,0.02015247739344167
2025-04-10,3.5722905168902157,-0.017062386621085668
2025-04-11,3.588442292007314,0.004521405815325175
2025-04-14,3.624724144102177,0.010110752561264591
2025-04-15,3.6189892123074285,-0.0015821705505726924
2025-04-16,3.608437680040303,-0.002915602022587338
2025-04-17,3.59271700582508,-0.004356642849114634
2025-04-21,3.544326763258144,-0.013468982524501072
2025-04-22,3.578929401122127,0.00976282385210292
2025-04-23,3.589705544414091,0.0030109963299598252
2025-04-24,3.621359777748438,0.008818058457079725
2025-04-25,3.636930496758637,0.004299688505371213
2025-04-28,3.6514329923356286,0.003987564675738797
2025-04-29,3.6666933006494338,0.004179265604993043
2025-04-30,3.6852245402736443,0.005053937732105385
2025-05-01,3.6269596289367185,-0.0158104101121066
2025-05-02,3.639870141987313,0.0035595965688702824
2025-05-05,3.6314794391551795,-0.002305220380074413
2025-05-06,3.5860103252087785,-0.012520823732648956
2025-05-07,3.6044882401301925,0.005152777946989984
2025-05-08,3.5742091887304914,-0.008400374583718284
2025-05-09,3.5560852135150256,-0.005070765100322339
2025-05-12,3.588733706980819,0.009181021124497035
2025-05-13,3.5334141377586703,-0.015414787983444145
2025-05-14,3.485282315575005,-0.013621902303871114
2025-05-15,3.519543013062198,0.009830106827813934
2025-05-16,3.5555806323770462,0.010239289356913872
2025-05-19,3.5717328980222525,0.004542792673051521
2025-05-20,3.5738367669478746,0.0005890331068111876
2025-05-21,3.520064775948625,-0.015046012032936817
2025-05-22,3.512900278777028,-0.002035331059970835
2025-05-23,3.5151465757178153,0.0006394422734850025
2025-05-27,3.5469988447668763,0.009061434100385068
2025-05-28,3.53297615270022,-0.003953396288060518
2025-05-29,3.552136650816928,0.005423330724172559
2025-05-30,3.5611682460493244,0.002542581021008794
2025-06-02,3.5561974255889823,-0.0013958398247137516
2025-06-03,3.558646731646048,0.0006887429925688249
2025-06-04,3.5752059531378717,0.004653235552876667
2025-06-05,3.567497587922541,-0.0021560618650697805
2025-06-06,3.5703238584523067,0.0007922277338978101
2025-06-09,3.5705134933356266,5.3114196593428975e-05
2025-06-10,3.593923914367595,0.006556597832682698
2025-06-11,3.602319380330607,0.002336016611105385
2025-06-12,3.6242199077909354,0.006079562955996987
2025-06-13,3.6085120037892,-0.004334147596278148
2025-06-16,3.5977788249655562,-0.0029744057418605863
2025-06-17,3.5768877851883945,-0.00580664926709662
2025-06-18,3.574941558037692,-0.0005441118837336001
2025-06-20,3.567490600991003,-0.0020842178608309614
2025-06-23,3.5762806711332984,0.0024639364543393993
2025-06-24,3.6044154789948823,0.007867058111148961
2025-06-25,3.6067892068722545,0.0006585611151670445
2025-06-26,3.617532528815126,0.0029786387079127064
2025-06-27,3.6088963133033864,-0.002387322143739823
2025-06-30,3.6276708998672946,0.005202307003030149
2025-07-01,3.650145530045561,0.006195333258893154
2025-07-02,3.628292585995287,-0.005986869255046101
2025-07-03,3.623873558237447,-0.0012179358894309766
2025-07-07,3.6028925813631583,-0.00578965478157939
2025-07-08,3.608401152101365,0.0015289300510099024
2025-07-09,3.624725325598115,0.0045239353410702066
2025-07-10,3.6348720038132623,0.002799295754492226
2025-07-11,3.6113676689944345,-0.006466344562936488
2025-07-14,3.6084646349593137,-0.0008038600057383438
2025-07-15,3.568915377072522,-0.010960134541331712
2025-07-16,3.596060283689885,0.007605926100615057
2025-07-17,3.574996063178534,-0.005857582701516095
2025-07-18,3.56808091646102,-0.00193430890420776
2025-07-21,3.564168197292052,-0.0010965892479953276
2025-07-22,3.6024180847058442,0.010731785173004216
2025-07-23,3.632932194458598,0.008470452078369939
2025-07-24,3.623446845567017,-0.0026109347446807707
2025-07-25,3.6372721060489575,0.003815499735798422
2025-07-28,3.61738409624309,-0.005467836671551984
2025-07-29,3.617749516558019,0.00010101783642735285
2025-07-30,3.6082465113626605,-0.0026267725700367395
2025-07-31,3.559217051331683,-0.013588168069054996
2025-08-01,3.5892566523982596,0.00843994637959411
2025-08-04,3.617423999299672,0.007847682578673187
2025-08-05,3.6091675936498686,-0.002282399202139851
2025-08-06,3.580745027782171,-0.007875102812544721
2025-08-07,3.558858035517078,-0.006112412946265855
2025-08-08,3.570624843620966,0.003306343772765452
2025-08-11,3.5729694861524366,0.0006566476832924328
2025-08-12,3.5849355253134476,0.00334904599868191
2025-08-13,3.6200170373364964,0.00978581393593736
2025-08-14,3.623254294459309,0.0008942657146150945
2025-08-15,3.650074856093589,0.0074023403974967095
2025-08-18,3.6440627892849347,-0.0016471078116706006
2025-08-19,3.660323684338935,0.004462298262756015
2025-08-20,3.6729127802837223,0.003439339531269181
2025-08-21,3.661385561186766,-0.0031384407380525836
2025-08-22,3.6866689680818165,0.006905420495200487
2025-08-25,3.6567301991344436,-0.008120818333996083
2025-08-26,3.672923181795429,0.004428268365223809
2025-08-27,3.675300794645491,0.0006473353055263531
2025-08-28,3.672266225472776,-0.000825665528420394
2025-08-29,3.684198610208413,0.003249324532319464
2025-09-02,3.6804435113308602,-0.001019244420522758
2025-09-03,3.67810384199205,-0.0006357030970879363
2025-09-04,3.6933365334152874,0.00414145224757656
2025-09-05,3.7086637172652805,0.004149955930449645
2025-09-08,3.713739320052162,0.0013685799451841896
2025-09-09,3.7193080265575813,0.001499487719924586
2025-09-10,3.7073934603111223,-0.0032034362740013256
2025-09-11,3.742517011147108,0.00947392048132878
2025-09-12,3.7155676014459615,-0.0072008783449420966
2025-09-15,3.7027597155908922,-0.0034470872902662153
2025-09-16,3.703903119699321,0.00030879781467163525
2025-09-17,3.7035539064092453,-9.428251193138726e-05
2025-09-18,3.7010885415734585,-0.0006656754290845779
2025-09-19,3.6978995451652694,-0.0008616374270347671
2025-09-22,3.6943646557142067,-0.0009559181929872929
2025-09-23,3.7037257446258964,0.002533883301749973
2025-09-24,3.691310778141811,-0.003352021002661909
2025-09-25,3.6567109018037356,-0.009373330618207332
2025-09-26,3.6744360046742153,0.004847280341942428
2025-09-29,3.685205555441135,0.002930939810414368
2025-09-30,3.72877849779661,0.011823748146460922
2025-10-01,3.7926648050709324,0.017133307143900822
2025-10-02,3.7909286704616463,-0.0004577611517275204
2025-10-03,3.8087777376016185,0.004708362697259216
2025-10-06,3.794041061463698,-0.003869135232658638
2025-10-07,3.8002255140914527,0.0016300436731089274
2025-10-08,3.804308718866294,0.0010744638073978408
2025-10-09,3.798715019029174,-0.0014703590719070125
2025-10-10,3.7831489041255244,-0.004097731687076556
2025-10-13,3.7819949775877926,-0.0003050174780256931
2025-10-14,3.792066180757463,0.0026629340412540614
2025-10-15,3.792850931694525,0.00020694547501415306
2025-10-16,3.798447807089723,0.0014756381139126584
2025-10-17,3.80801003675352,0.00251740451611554
2025-10-20,3.830751254356436,0.005971942663865248
2025-10-21,3.8387845093834345,0.002097044285468197
2025-10-22,3.8501547884955096,0.0029619477426464647
2025-10-23,3.844905669879173,-0.0013633526194898882
2025-10-24,3.8465503458327017,0.00042775456532356815
2025-10-27,3.8510284871681937,0.0011641967302841172
2025-10-28,3.8407035551783584,-0.0026810842932578627
2025-10-29,3.808896807559031,-0.008281489878708082
2025-10-30,3.8103794749618265,0.0003892642614662378
2025-10-31,3.8105069652320194,3.345868069848379e-05
2025-11-03,3.8122405986713717,0.00045496136214162597
2025-11-04,3.8231879446562087,0.002871630397266123
2025-11-05,3.821464529283243,-0.0004507796629182881
2025-11-06,3.834874337226498,0.003509075601905498
2025-11-07,3.8382955574197113,0.000892133585709054
2025-11-10,3.850685908899142,0.0032280868667029505
2025-11-11,3.9011146554510625,0.013096042560982957
2025-11-12,3.9292197817774897,0.007204383569489714
2025-11-13,3.9225132143167794,-0.001706844573015065
2025-11-14,3.907580235262772,-0.0038069926697769096
2025-11-17,3.9081354191658755,0.00014207869568311216
2025-11-18,3.9228380832646175,0.0037620661829268487
2025-11-19,3.9180762397968074,-0.0012138771386269176
2025-11-20,3.911035620105036,-0.001796958318538655
2025-11-21,3.9586927111462558,0.012185286883155566
2025-11-24,3.970068994148471,0.0028737474293428766
2025-11-25,4.020043597315745,0.012587842488614553
2025-11-26,4.017260235081723,-0.0006923711563427415
2025-11-28,4.004001060402387,-0.003300551595723733
2025-12-01,3.963281406318066,-0.010169741083991712
2025-12-02,3.953053136553929,-0.0025807578911332674
2025-12-03,3.9663575968912226,0.0033656163673254635
2025-12-04,3.945131750472059,-0.005351470688321203
2025-12-05,3.9328483823597056,-0.003113550798622522
2025-12-08,3.9052913109479044,-0.0070068990036343815
2025-12-09,3.883496838303979,-0.005580754650191533
2025-12-10,3.9179857244567886,0.008880884313497206
2025-12-11,3.936730638805848,0.004784324310333821
2025-12-12,3.9375766535304293,0.00021490287301895172
2025-12-15,3.9652841094379823,0.007036677211784692
2025-12-16,3.945061332882808,-0.005099956521915083
2025-12-17,3.94106744304436,-0.001012377122038055
2025-12-18,3.9477091055066125,0.0016852445582921094
2025-12-19,3.9564783790260254,0.002221357573479965
2025-12-22,3.9674627012714696,0.0027762876965723438
2025-12-23,3.962677478563835,-0.0012061166211092544
2025-12-24,3.978186712486463,0.003913826953247046
2025-12-26,3.9832364212650204,0.0012693493653044285
2025-12-29,3.9830644588776325,-4.3171524158114316e-05
2025-12-30,3.9793405665568544,-0.0009349314727955527
2025-12-31,3.9614950381763134,-0.004484544130381352
2026-01-02,3.9689314085276997,0.0018771626064711944
2026-01-05,3.9689238644276186,-1.9007887274158364e-06
2026-01-06,4.006521438227235,0.009472989425822254
2026-01-07,4.030160004440165,0.005900022395335047
2026-01-08,4.004667093167062,-0.006325533290245711
2026-01-09,3.9966994284558623,-0.001989594771758807
2026-01-12,3.9950985328937456,-0.00040055440514713547
2026-01-13,3.9894675540050226,-0.0014094718421485686
2026-01-14,4.00786367808003,0.004611172750744408
2026-01-15,3.9922856371797555,-0.003886868953521194
2026-01-16,3.969100846055252,-0.005807397874687481
2026-01-20,3.9569068266367515,-0.0030722372374639706
2026-01-21,3.99849503579763,0.010510282648284353
2026-01-22,3.9986656084941345,4.265922427743041e-05
2026-01-23,3.991773729694761,-0.0017235446706856394
2026-01-26,4.002544051143701,0.0026981292473616802
2026-01-27,3.966708526882681,-0.008953186724023732
2026-01-28,3.9505106083166956,-0.004083465789384566
2026-01-29,3.9462980500263054,-0.0010663326106559179
2026-01-30,3.9568663614209183,0.002678031730153352
2026-02-02,3.9651226348620754,0.00208656868517354
2026-02-03,3.9467455995460923,-0.004634670099332827
2026-02-04,3.9710472647253936,0.0061573933678664705
2026-02-05,3.9675459645116713,-0.0008817070108493863
2026-02-06,4.00431576574791,0.009267643416139615
2026-02-09,3.9870862783692957,-0.004302729451556131
2026-02-10,3.9831743165207243,-0.0009811580626671312
2026-02-11,3.989398371698823,0.0015625866917957643
2026-02-12,3.9984355742459625,0.002265304616167252
2026-02-13,4.027683206595224,0.007314768940544281
2026-02-17,4.0236443689219765,-0.001002769449850005
2026-02-18,4.023340051521102,-7.563228083101725e-05
2026-02-19,4.019975000438787,-0.0008363824681044685
2026-02-20,4.014351361545104,-0.0013989238473048338
2026-02-23,4.043601536534868,0.007286401302577072
2026-02-24,4.0346425901732506,-0.0022155858535198303
2026-02-25,4.032475053723333,-0.0005372313411842189
2026-02-26,4.032622436249893,3.654889976906217e-05
2026-02-27,4.076287179362655,0.010827877839554967
2026-03-02,4.042796191587539,-0.008216052084032255
2026-03-03,4.017682489317703,-0.006211963472730508
2026-03-04,4.017513850566933,-4.197413589007715e-05
2026-03-05,3.9711268041710164,-0.011546206963137462
2026-03-06,3.9542820302079873,-0.004241812159041736
2026-03-09,3.980630779838827,0.006663346071310472
2026-03-10,3.9599318463353574,-0.005199912940508311
2026-03-11,3.947019788517095,-0.0032606767791248936
2026-03-12,3.9059156531167503,-0.010413967398878399
2026-03-13,3.899062489652215,-0.0017545600246300919
2026-03-16,3.9237107763844032,0.006321593151585203
2026-03-17,3.909385848226322,-0.0036508624041043936
2026-03-18,3.8677876946550938,-0.010640585295539795
2026-03-19,3.86061981263728,-0.0018532253018228029
2026-03-20,3.8264275788189384,-0.008856669518821136
2026-03-23,3.8329397780927716,0.001701900569053394
2026-03-24,3.826761071284463,-0.0016120020574345584
2026-03-25,3.856008171738626,0.007642781953028033
2026-03-26,3.83384806567188,-0.0057469032947495835
2026-03-27,3.801430898066416,-0.008455517028889636
2026-03-30,3.8223228576574426,0.005495814642231922
2026-03-31,3.8628079800887183,0.010591758974564436
2026-04-01,3.875877419134973,0.0033834037605861567
2026-04-02,3.868294809920821,-0.0019563593979306515
2026-04-06,3.8562365338560682,-0.003117207104749997
2026-04-07,3.8649295025233426,0.0022542623075515467
2026-04-08,3.910062123271844,0.011677475803642867
2026-04-09,3.9050064778672873,-0.0012929833964700488
2026-04-10,3.8753210132257485,-0.007601898949410046
2026-04-13,3.8882739924792835,0.0033424274297092493
2026-04-14,3.9058854706460204,0.004529381983060077
2026-04-15,3.8876945973516435,-0.004657298180166136
2026-04-16,3.868977795942922,-0.0048143703009675964
2026-04-17,3.9084177477159026,0.010193894577099405
2026-04-20,3.8884607139113534,-0.005106167020199448
2026-04-21,3.860157964963949,-0.007278651124376423
2026-04-22,3.8682651579114826,0.0021002231051467923
2026-04-23,3.8633780902019383,-0.0012633745387254924
2026-04-24,3.8400156441603586,-0.006047154975804714
2026-04-27,3.826007302654938,-0.0036479907384553423
2026-04-28,3.829268516985636,0.0008523805818235752
2026-04-29,3.8069125367200605,-0.005838185587249911
2026-04-30,3.852502862040503,0.011975669228198704
2026-05-01,3.8430165696590537,-0.002462371274248698
2026-05-04,3.8302256672546173,-0.0033283495328699786
2026-05-05,3.840608801966049,0.0027108415047708556
2026-05-06,3.851477924252839,0.0028300519129221824
2026-05-07,3.836593135187833,-0.003864695412448327
2026-05-08,3.825352983516245,-0.002929722093410747
2026-05-11,3.812908787619212,-0.003253084342975998
2026-05-12,3.843915084661069,0.008131927294598884
2026-05-13,3.8552477357979296,0.0029482053810404585
2026-05-14,3.8529704787600343,-0.0005906901952759669
2026-05-15,3.817540110660408,-0.009195598122264448
2026-05-18,3.824879446448456,0.001922530104543796
2026-05-19,3.8385126672270333,0.0035643530650975586
2026-05-20,3.8490230789765003,0.0027381469492609445
2026-05-21,3.863596979767723,0.0037863895570867667
2026-05-22,3.8879332073690187,0.0062988525275115
2026-05-26,3.878318279135752,-0.002473017853044157
2026-05-27,3.882796995852111,0.0011548089646106208
2026-05-28,3.9145955443385225,0.008189598508596019
2026-05-29,3.898581954123388,-0.004090739396639398
2026-06-01,3.8739561436174093,-0.006316607114012995
2026-06-02,3.8565291565866637,-0.004498498791592531
2026-06-03,3.8667655862924177,0.0026543115039777687
2026-06-04,3.9285912194137493,0.015988978835567824
2026-06-05,3.930168118401448,0.00040139044752379727
2026-06-08,3.923445819581066,-0.0017104354363130514
2026-06-09,3.953573813615432,0.007678962682243218
2026-06-10,3.9296798262790307,-0.006043642654176451
2026-06-11,3.9592511659521783,0.00752512697736718
2026-06-12,3.9522964024290066,-0.0017565855844103861
2026-06-15,3.9425748230114697,-0.0024597293390146713
2026-06-16,3.948237553435089,0.0014363025884931435
2026-06-17,3.9090102623350376,-0.009935392835196177
2026-06-18,3.899089061119337,-0.002538034067419981
2026-06-22,3.9088998937098816,0.0025161858159063466
2026-06-23,3.93900660499152,0.0077020931976502505
2026-06-24,3.96691342632887,0.007084735857509572
2026-06-25,3.9976594503862395,0.0077506163490498325
2026-06-26,4.063213174608114,0.016398026153913947
2026-06-29,4.0689229106440985,0.0014052267972710641
2026-06-30,4.032109710439696,-0.009047406651057743
2026-07-01,4.03839350055724,0.001558437286881209
2026-07-02,4.0934831304576695,0.013641471514063253
2026-07-06,4.072537991466589,-0.005116703385250776
2026-07-07,4.093339960485363,0.005107863711120764
2026-07-08,4.062554913003775,-0.007520764895847409
2026-07-09,4.065272049770297,0.0006688246250714514
2026-07-10,4.046866783422961,-0.0045274378004731
2026-07-13,4.04669004518259,-4.367285849254943e-05
2026-07-14,4.013218420405056,-0.008271358666913697
2026-07-15,4.018151682782996,0.001229253397437069
2026-07-16,4.061416867333406,0.010767434374315321
2026-07-17,4.0551055397031694,-0.001553971886264438
2026-07-20,4.025464899346336,-0.007309462125368926
2026-07-21,4.033154518463196,0.0019102437380858484
2026-07-22,4.018297137939886,-0.0036838113827017405
2026-07-23,4.038232334184237,0.0049611055529287795
2026-07-24,4.056279349516666,0.004469038390797597
2026-07-27,4.072084139773892,0.003896376185015149
2026-07-28,4.126293355200603,0.013312400619924225
2026-07-29,4.10511168208586,-0.005133341546850079
2026-07-30,4.072409222217728,-0.00796627775337777
2026-07-31,4.054650514827865,-0.004360737445779472
2026-08-03,4.054898802257041,6.12352231758595e-05
2026-08-04,4.062541831532615,0.0018848877982650114
2026-08-05,4.0896623399543,0.006675748717510199
2026-08-06,4.085385500325447,-0.0010457683968355114
2026-08-07,4.105498433952871,0.004923142167568284
2026-08-10,4.130661590446271,0.0061291355722605245
2026-08-11,4.127838088625835,-0.0006835471167540574
2026-08-12,4.135120699275058,0.0017642675155524756
2026-08-13,4.141946330344082,0.001650648569997193
2026-08-14,4.12375249993681,-0.0043925799506340235
2026-08-17,4.115378128252216,-0.002030764863973411
2026-08-18,4.1503845504006085,0.00850624682773915
2026-08-19,4.233180684769653,0.01994902721991232
2026-08-20,4.184929651058004,-0.011398292986937397
2026-08-21,4.20794729035709,0.005500125741245587
2026-08-24,4.21321807873246,0.0012525794672970658
2026-08-25,4.231657148399842,0.004376481189155235
2026-08-26,4.206234652295032,-0.00600769278163843
2026-08-27,4.180453470365758,-0.006129278097979307
2026-08-28,4.16681716445967,-0.003261920268399665
2026-08-31,4.156802060915011,-0.002403538036197528
2026-09-01,4.163646320286801,0.0016465203951239737
2026-09-02,4.1809770473843795,0.00416239175098454
2026-09-03,4.186991760639572,0.0014385903550833135
2026-09-04,4.164441184939635,-0.005385865793175626
2026-09-08,4.109944456727278,-0.013086204317025951
2026-09-09,4.097384236257717,-0.003056056012874231
2026-09-10,4.070018902788764,-0.00667873255009821
2026-09-11,4.062539476800796,-0.0018376882679444484
2026-09-14,4.090112503754918,0.00678714068172831
2026-09-15,4.086541482931416,-0.0008730862097859893
2026-09-16,4.085857223016499,-0.00016744230243948
2026-09-17,4.110229693669435,0.005965081333640598
2026-09-18,4.094981848158268,-0.0037097307565686632
2026-09-21,4.118277706073251,0.005688879408698888
2026-09-22,4.129225229519267,0.002658277131207365
2026-09-23,4.094010082970037,-0.008528269733867111
2026-09-24,4.095637377714076,0.00039748186034238575
2026-09-25,4.11272114665801,0.004171211308133249
2026-09-28,4.108728433124317,-0.0009708203866283238
2026-09-29,4.100535056557309,-0.001994139233187975
2026-09-30,4.069585786919657,-0.007547617374508375
